Country,Year,Prevalence_female_smoking,Prevalence_male_smoking
Albania,2025,5.8 [2.7-9.2],48.3 [27.5-71.2]
Albania,2020,6.6 [3.8-10.0],49.5 [30.7-66.3]
Albania,2015,7.6 [4.9-10.3],51.2 [37.7-66.2]
Albania,2012,8.2 [5.7-10.8],52.1 [40.3-64.9]
Albania,2010,8.7 [6.4-11.5],53.1 [42.8-65.4]
Albania,2009,,
Albania,2005,10.1 [7.4-12.6],54.7 [45.2-65.3]
Albania,2004,,
Albania,2003,,
Albania,2000,11.6 [8.4-14.9],56.9 [44.7-69.2]
Algeria,2013,,
Andorra,2025,26.1 [11.6-41.0],34.3 [19.2-55.6]
Andorra,2020,26.8 [15.1-40.1],35.6 [22.3-52.4]
Andorra,2015,27.8 [18.2-38.4],37.2 [24.2-49.1]
Andorra,2012,28.4 [18.8-36.7],38.5 [28.6-50.1]
Andorra,2010,28.8 [20.9-38.1],39.2 [30.2-51.0]
Andorra,2005,30.2 [22.5-39.1],41.3 [32.4-52.0]
Andorra,2000,31.6 [22.6-41.6],43.6 [32.3-56.3]
Antigua and Barbuda,2009,,
Antigua and Barbuda,2004,,
Antigua and Barbuda,2000,,
Argentina,2025,12.4 [7.8-17.7],23.0 [15.0-31.6]
Argentina,2020,15.0 [10.4-19.8],26.0 [18.7-34.1]
Argentina,2015,18.4 [14.4-23.3],29.5 [23.4-36.7]
Argentina,2012,20.8 [17.1-25.4],31.8 [26.5-38.8]
Argentina,2010,22.4 [17.9-26.6],33.4 [27.9-39.5]
Argentina,2007,,
Argentina,2005,27.7 [22.1-32.9],38.2 [31.0-45.9]
Argentina,2000,34.0 [26.0-42.8],43.7 [31.8-53.5]
Armenia,2025,1.1 [0.6-1.6],44.6 [32.1-59.1]
Armenia,2020,1.3 [0.9-1.8],48.4 [35.9-61.5]
Armenia,2015,1.5 [1.2-2.0],52.3 [41.9-63.2]
Armenia,2012,1.7 [1.4-2.1],54.8 [45.0-65.0]
Armenia,2010,1.8 [1.5-2.3],56.7 [46.0-66.0]
Armenia,2009,,
Armenia,2005,2.2 [1.8-2.7],61.5 [52.1-72.5]
Armenia,2004,,
Armenia,2000,2.6 [2.0-3.2],67.1 [54.9-80.0]
Australia,2025,9.2 [6.4-11.6],12.3 [8.9-16.5]
Australia,2020,11.0 [8.4-13.7],14.3 [10.7-17.9]
Australia,2015,13.1 [10.3-15.7],16.7 [13.4-20.5]
Australia,2012,14.7 [12.2-17.5],18.4 [14.6-21.8]
Australia,2010,15.8 [12.8-18.4],19.6 [16.4-23.4]
Australia,2005,19.1 [15.7-22.7],23.0 [18.8-26.7]
Australia,2000,22.8 [17.9-27.3],27.1 [21.8-32.2]
Austria,2025,31.9 [14.9-50.6],30.0 [16.9-46.9]
Austria,2020,33.3 [17.8-49.2],32.7 [19.7-46.6]
Austria,2015,34.8 [20.8-48.4],35.5 [24.0-49.2]
Austria,2012,35.9 [24.3-48.6],37.4 [26.3-49.1]
Austria,2010,36.7 [25.5-48.9],38.8 [27.1-49.9]
Austria,2005,38.4 [28.9-51.0],42.3 [32.0-53.9]
Austria,2000,40.5 [29.3-53.0],46.4 [34.5-61.3]
Azerbaijan,2025,0.3 [0.1-0.6],40.6 [15.6-74.4]
Azerbaijan,2020,0.4 [0.1-0.6],43.3 [19.7-77.4]
Azerbaijan,2015,0.4 [0.2-0.7],46.5 [22.1-76.3]
Azerbaijan,2012,0.4 [0.2-0.7],48.6 [24.0-81.3]
Azerbaijan,2011,,
Azerbaijan,2010,0.5 [0.2-0.8],49.9 [25.4-80.1]
Azerbaijan,2005,0.5 [0.2-0.9],54.1 [27.5-88.2]
Azerbaijan,2000,0.6 [0.3-1.1],58.6 [34.0-100.0]
Bahamas,2013,,
Bahamas,2009,,
Bahamas,2004,,
Bahamas,2000,,
Bahrain,2025,10.8 [3.5-19.3],86.1 [58.8-100.0]
Bahrain,2020,9.0 [4.2-14.9],67.5 [45.4-100.0]
Bahrain,2015,7.6 [4.2-11.1],48.8 [32.1-65.8]
Bahrain,2012,6.9 [4.4-9.7],40.1 [28.2-51.4]
Bahrain,2010,6.5 [4.3-9.0],34.8 [26.0-43.1]
Bahrain,2005,5.6 [4.0-7.3],25.0 [19.4-29.8]
Bahrain,2003,,
Bahrain,2001,,
Bahrain,2000,4.8 [3.3-6.6],18.2 [13.8-22.6]
Bangladesh,2025,0.2 [0.1-0.3],29.5 [18.6-42.1]
Bangladesh,2020,0.3 [0.2-0.5],34.3 [23.3-45.3]
Bangladesh,2015,0.7 [0.4-1.0],39.8 [30.6-50.1]
Bangladesh,2013,,
Bangladesh,2012,1.1 [0.7-1.4],43.7 [34.4-51.9]
Bangladesh,2010,1.4 [1.0-1.9],46.6 [38.4-55.7]
Bangladesh,2007,,
Bangladesh,2005,3.0 [2.2-3.8],54.2 [45.0-64.5]
Bangladesh,2000,6.3 [4.6-8.7],63.7 [49.2-79.7]
Barbados,2025,0.7 [0.2-1.2],13.2 [4.6-24.5]
Barbados,2020,0.8 [0.3-1.3],13.0 [5.7-21.6]
Barbados,2015,0.9 [0.4-1.6],13.1 [7.1-19.7]
Barbados,2012,1.1 [0.5-1.7],13.2 [8.2-19.2]
Barbados,2010,1.2 [0.5-1.8],13.2 [8.4-18.5]
Barbados,2007,,
Barbados,2005,1.4 [0.6-2.2],13.5 [9.3-18.5]
Barbados,2002,,
Barbados,2000,1.8 [0.8-2.9],13.8 [8.1-19.4]
Barbados,1999,,
Belarus,2025,9.2 [5.7-13.1],37.6 [25.1-52.6]
Belarus,2020,9.8 [7.1-13.4],41.7 [29.1-53.8]
Belarus,2015,10.6 [8.0-13.0],46.2 [35.6-57.0]
Belarus,2012,11.0 [9.0-13.6],49.4 [39.5-59.5]
Belarus,2010,11.4 [9.0-13.8],51.3 [42.5-60.7]
Belarus,2005,12.3 [9.6-14.6],57.6 [48.1-70.0]
Belarus,2004,,
Belarus,2000,13.4 [10.5-16.6],64.1 [50.8-79.1]
Belgium,2025,17.8 [8.6-26.4],22.2 [11.7-36.1]
Belgium,2020,18.9 [10.8-27.4],24.2 [15.0-37.9]
Belgium,2015,20.0 [12.0-28.2],26.5 [16.4-37.3]
Belgium,2012,20.9 [13.3-29.6],28.0 [18.9-38.3]
Belgium,2010,21.3 [14.0-31.0],29.1 [19.8-39.7]
Belgium,2005,22.7 [15.1-31.2],32.1 [22.7-43.4]
Belgium,2000,24.3 [15.7-34.6],35.6 [23.8-48.1]
Belize,2008,,
Belize,2002,,
Benin,2025,0.7 [0.3-1.2],23.1 [12.6-37.4]
Benin,2020,0.8 [0.4-1.3],20.2 [13.0-29.2]
Benin,2015,1.0 [0.6-1.4],17.7 [12.7-23.1]
Benin,2012,1.1 [0.6-1.5],16.4 [12.3-20.9]
Benin,2010,1.1 [0.7-1.6],15.6 [11.4-20.1]
Benin,2005,1.3 [0.8-1.9],13.8 [9.9-18.2]
Benin,2000,1.6 [0.8-2.4],12.4 [7.6-17.6]
Bhutan,2013,,
Bhutan,2009,,
Bhutan,2006,,
Bhutan,2004,,
Bolivia (Plurinational State of),2025,13.2 [5.5-23.1],22.4 [7.0-42.1]
Bolivia (Plurinational State of),2020,15.0 [6.6-24.0],26.0 [11.0-46.0]
Bolivia (Plurinational State of),2015,17.1 [9.0-26.5],30.5 [14.7-50.6]
Bolivia (Plurinational State of),2012,18.6 [11.1-28.7],33.6 [18.0-53.5]
Bolivia (Plurinational State of),2010,19.7 [11.9-29.0],35.8 [19.8-55.5]
Bolivia (Plurinational State of),2005,22.8 [14.4-32.4],42.8 [27.5-63.5]
Bolivia (Plurinational State of),2000,26.4 [16.2-38.2],50.9 [33.7-73.4]
Bosnia and Herzegovina,2025,27.3 [14.1-43.2],42.2 [21.8-65.5]
Bosnia and Herzegovina,2020,28.6 [16.8-41.5],44.4 [27.9-66.2]
Bosnia and Herzegovina,2015,30.0 [20.0-40.4],47.2 [32.2-63.3]
Bosnia and Herzegovina,2012,31.2 [23.2-40.7],49.0 [37.1-64.5]
Bosnia and Herzegovina,2010,31.7 [24.2-41.0],50.0 [37.0-63.0]
Bosnia and Herzegovina,2008,,
Bosnia and Herzegovina,2005,33.6 [26.2-41.5],53.8 [41.7-65.5]
Bosnia and Herzegovina,2003,,
Bosnia and Herzegovina,2000,35.9 [26.1-44.6],57.7 [43.9-72.6]
Botswana,2008,,
Botswana,2002,,
Brazil,2025,8.4 [4.5-12.7],14.9 [8.8-22.0]
Brazil,2020,9.7 [6.2-13.8],16.9 [11.4-23.1]
Brazil,2015,11.3 [8.2-14.6],19.3 [14.6-24.4]
Brazil,2012,12.4 [9.7-15.5],21.0 [15.8-25.4]
Brazil,2010,13.3 [10.7-16.2],22.2 [18.0-27.0]
Brazil,2005,15.6 [12.7-19.1],25.4 [20.4-30.3]
Brazil,2000,18.5 [14.2-23.5],29.4 [22.2-37.3]
Brunei Darussalam,2025,2.4 [0.5-5.0],30.3 [8.2-65.8]
Brunei Darussalam,2020,2.7 [0.8-5.3],29.8 [10.5-59.2]
Brunei Darussalam,2015,3.1 [1.0-5.7],29.3 [11.1-51.1]
Brunei Darussalam,2013,,
Brunei Darussalam,2012,3.4 [1.3-6.0],29.2 [13.2-49.7]
Brunei Darussalam,2010,3.6 [1.6-6.6],29.1 [14.3-48.3]
Brunei Darussalam,2005,4.3 [2.1-7.3],29.2 [15.5-45.9]
Brunei Darussalam,2000,5.1 [2.5-8.6],29.5 [15.5-47.0]
Bulgaria,2025,22.1 [12.0-34.6],34.7 [20.3-50.6]
Bulgaria,2020,24.9 [15.4-34.7],38.4 [25.6-50.9]
Bulgaria,2015,28.2 [20.2-37.0],42.4 [32.5-54.6]
Bulgaria,2012,30.4 [23.4-39.2],45.2 [34.8-54.7]
Bulgaria,2010,32.0 [24.8-39.2],47.1 [38.2-56.8]
Bulgaria,2008,,
Bulgaria,2005,36.4 [27.4-45.1],52.7 [42.3-64.6]
Bulgaria,2002,,
Bulgaria,2000,42.0 [29.0-55.4],58.8 [42.7-75.2]
Burkina Faso,2025,3.0 [0.9-5.6],48.9 [21.4-82.9]
Burkina Faso,2020,3.6 [1.4-6.3],41.8 [23.3-65.4]
Burkina Faso,2015,4.5 [2.3-7.2],36.0 [21.7-50.9]
Burkina Faso,2012,5.1 [2.7-7.8],33.1 [23.1-45.8]
Burkina Faso,2010,5.5 [3.3-8.5],31.1 [22.8-42.1]
Burkina Faso,2005,6.9 [4.3-10.0],27.0 [20.2-34.6]
Burkina Faso,2000,8.6 [5.0-12.7],23.6 [17.4-31.0]
Burundi,2008,,
CÃ´te d'Ivoire,2009,,
Cabo Verde,2025,2.6 [1.0-4.7],30.7 [13.3-54.3]
Cabo Verde,2020,3.0 [1.2-5.0],26.0 [13.2-42.3]
Cabo Verde,2015,3.5 [1.9-5.6],22.2 [12.8-34.2]
Cabo Verde,2012,3.9 [2.3-5.9],20.2 [11.6-29.2]
Cabo Verde,2010,4.1 [2.4-6.2],19.1 [12.0-28.1]
Cabo Verde,2007,,
Cabo Verde,2005,4.9 [3.0-7.1],16.5 [9.6-23.2]
Cabo Verde,2000,5.9 [3.5-8.8],14.4 [8.6-21.5]
Cambodia,2025,1.4 [0.8-2.1],41.1 [20.6-67.9]
Cambodia,2020,2.0 [1.4-2.7],42.5 [25.6-63.1]
Cambodia,2015,2.8 [2.1-3.6],44.1 [30.7-59.4]
Cambodia,2012,3.5 [2.6-4.3],45.2 [33.4-58.2]
Cambodia,2010,4.0 [3.2-4.9],46.0 [34.2-57.9]
Cambodia,2005,5.7 [4.4-6.7],48.4 [36.3-59.3]
Cambodia,2003,,
Cambodia,2000,8.1 [6.1-10.1],51.2 [34.4-68.0]
Cameroon,2025,0.9 [0.3-1.9],87.2 [60.5-100.0]
Cameroon,2020,0.9 [0.3-1.8],65.9 [42.3-100.0]
Cameroon,2015,0.9 [0.4-1.7],43.8 [27.0-64.7]
Cameroon,2012,0.9 [0.3-1.6],33.7 [20.8-48.7]
Cameroon,2010,0.9 [0.3-1.6],28.5 [17.0-41.0]
Cameroon,2005,0.9 [0.3-1.6],18.7 [11.4-28.7]
Cameroon,2000,0.9 [0.4-1.6],12.3 [6.6-19.3]
Canada,2025,7.3 [5.7-9.1],12.6 [9.5-15.5]
Canada,2020,9.4 [7.4-11.4],14.8 [11.7-18.1]
Canada,2015,12.2 [10.2-14.5],17.7 [14.5-21.1]
Canada,2012,14.2 [11.7-16.8],19.5 [16.2-22.9]
Canada,2010,15.8 [13.4-18.6],20.9 [17.4-24.4]
Canada,2005,20.4 [17.2-23.8],24.8 [21.5-29.1]
Canada,2000,26.5 [22.4-30.6],29.4 [24.6-34.1]
Chad,2008,,
Chile,2025,32.1 [18.1-49.7],35.2 [18.8-53.1]
Chile,2020,34.1 [21.6-49.0],37.6 [24.3-53.9]
Chile,2015,36.0 [26.0-48.2],40.0 [28.1-53.3]
Chile,2012,37.4 [28.7-48.8],41.7 [31.9-55.8]
Chile,2010,38.3 [28.6-48.4],42.8 [32.4-54.5]
Chile,2005,40.8 [31.1-50.4],46.2 [34.8-57.4]
Chile,2000,43.6 [30.8-56.2],49.9 [36.6-63.6]
China,2025,1.1 [0.7-1.6],43.8 [27.5-60.7]
China,2020,1.4 [0.9-1.9],45.7 [33.4-60.3]
China,2015,1.8 [1.3-2.2],47.6 [36.7-58.6]
China,2014,,
China,2012,2.0 [1.6-2.4],49.0 [39.2-58.8]
China,2010,2.2 [1.7-2.6],50.1 [41.0-60.3]
China,2005,2.8 [2.1-3.4],52.9 [42.4-63.8]
China,2000,3.5 [2.6-4.5],55.8 [42.7-71.9]
Colombia,2025,4.4 [1.3-8.3],12.4 [4.2-24.4]
Colombia,2020,5.2 [2.1-9.4],14.0 [5.1-24.5]
Colombia,2015,6.2 [2.8-10.9],16.0 [7.3-27.6]
Colombia,2012,6.9 [3.5-12.3],17.2 [8.0-29.1]
Colombia,2010,7.4 [3.3-12.6],18.3 [8.8-30.6]
Colombia,2005,8.8 [4.3-15.7],21.1 [10.2-35.8]
Colombia,2000,10.6 [5.0-18.3],24.5 [10.8-42.4]
Comoros,2025,3.5 [1.1-6.4],19.7 [9.2-31.7]
Comoros,2020,4.6 [1.7-7.5],21.2 [11.8-31.9]
Comoros,2015,6.0 [3.0-9.7],23.1 [15.2-31.8]
Comoros,2012,7.1 [4.0-11.1],24.4 [16.9-32.5]
Comoros,2010,7.9 [4.4-11.9],25.2 [18.0-32.2]
Comoros,2007,,
Comoros,2005,10.5 [6.5-15.9],27.7 [21.3-35.2]
Comoros,2000,14.0 [8.4-21.0],30.6 [21.3-40.1]
Congo,2025,1.9 [0.7-3.5],92.9 [69.1-100.0]
Congo,2020,1.8 [0.8-3.1],69.6 [45.6-97.6]
Congo,2015,1.7 [0.8-2.8],43.2 [29.0-58.9]
Congo,2012,1.7 [0.9-2.7],32.1 [22.9-41.9]
Congo,2010,1.7 [0.9-2.6],26.4 [18.7-33.2]
Congo,2009,,
Congo,2006,,
Congo,2005,1.6 [0.9-2.6],16.2 [12.1-21.1]
Congo,2000,1.6 [0.8-2.5],10.1 [6.6-13.8]
Cook Islands,2008,,
Cook Islands,2003,,
Costa Rica,2025,6.3 [1.9-12.0],14.8 [4.3-27.8]
Costa Rica,2020,7.2 [3.2-13.1],16.5 [6.6-27.8]
Costa Rica,2015,8.3 [4.2-13.9],18.5 [10.2-29.2]
Costa Rica,2012,9.2 [4.7-14.2],19.8 [11.1-29.7]
Costa Rica,2010,9.8 [5.3-14.7],20.9 [12.2-29.4]
Costa Rica,2008,,
Costa Rica,2005,11.7 [6.8-17.7],23.7 [16.1-33.6]
Costa Rica,2002,,
Costa Rica,2000,14.1 [7.5-22.1],27.5 [18.1-40.2]
Croatia,2025,38.5 [23.0-57.2],39.3 [23.2-59.2]
Croatia,2020,36.1 [22.6-48.7],39.3 [26.3-54.1]
Croatia,2015,33.5 [24.9-43.4],39.4 [28.2-50.1]
Croatia,2012,32.3 [24.8-40.5],39.4 [29.4-49.2]
Croatia,2011,,
Croatia,2010,31.6 [24.8-39.3],39.4 [30.8-48.4]
Croatia,2007,,
Croatia,2005,29.6 [23.6-36.7],39.8 [31.9-47.4]
Croatia,2003,,
Croatia,2000,28.0 [21.0-35.0],40.3 [31.2-49.5]
Cuba,2025,12.9 [2.7-26.8],52.1 [19.6-100.0]
Cuba,2020,15.1 [3.9-27.8],52.6 [24.3-100.0]
Cuba,2015,17.8 [7.5-31.8],52.7 [23.7-91.0]
Cuba,2012,19.8 [8.8-33.2],53.2 [25.7-86.2]
Cuba,2010,21.3 [10.8-34.6],53.2 [28.0-85.1]
Cuba,2005,25.6 [15.5-40.0],54.0 [34.3-80.9]
Cuba,2000,31.1 [18.6-47.0],54.7 [33.2-77.6]
Cyprus,2011,,
Cyprus,2005,,
Czech Republic,2025,28.8 [18.2-39.9],35.7 [24.0-49.6]
Czech Republic,2020,28.9 [20.1-38.6],36.5 [26.3-46.7]
Czech Republic,2015,29.0 [21.7-36.0],37.4 [29.3-46.4]
Czech Republic,2012,28.9 [23.0-35.1],38.0 [31.4-47.1]
Czech Republic,2011,,
Czech Republic,2010,29.2 [23.1-34.7],38.5 [31.3-45.9]
Czech Republic,2007,,
Czech Republic,2005,29.4 [24.7-34.7],39.5 [31.8-46.7]
Czech Republic,2002,,
Czech Republic,2000,29.7 [23.9-36.1],40.7 [33.4-49.5]
Denmark,2025,10.1 [6.3-13.9],10.2 [5.6-14.8]
Denmark,2020,12.9 [9.1-17.6],13.4 [9.2-18.4]
Denmark,2015,16.4 [12.5-20.1],17.6 [13.4-22.2]
Denmark,2012,19.0 [15.1-23.4],21.0 [16.4-25.4]
Denmark,2010,20.9 [17.0-25.6],23.4 [18.4-27.9]
Denmark,2005,27.0 [21.9-32.6],31.1 [25.0-36.9]
Denmark,2000,34.6 [26.7-42.2],41.6 [31.7-51.5]
Djibouti,2013,,
Djibouti,2009,,
Djibouti,2003,,
Dominica,2009,,
Dominica,2004,,
Dominican Republic,2025,7.1 [2.3-12.1],17.6 [7.0-31.6]
Dominican Republic,2020,8.2 [3.9-13.0],18.1 [9.2-29.3]
Dominican Republic,2015,9.4 [5.4-13.3],18.8 [12.0-26.9]
Dominican Republic,2012,10.3 [7.1-14.4],19.1 [13.3-26.1]
Dominican Republic,2011,,
Dominican Republic,2010,10.9 [7.5-14.2],19.5 [14.2-25.3]
Dominican Republic,2005,12.9 [10.1-16.5],20.4 [16.3-25.6]
Dominican Republic,2004,,
Dominican Republic,2000,15.2 [11.2-19.2],21.7 [16.1-28.1]
Ecuador,2025,2.5 [0.6-4.5],11.0 [3.4-19.3]
Ecuador,2020,2.8 [1.0-4.8],12.3 [5.7-20.5]
Ecuador,2015,3.3 [1.4-5.3],14.0 [7.4-21.1]
Ecuador,2012,3.6 [1.9-5.6],15.1 [9.1-21.6]
Ecuador,2010,3.8 [1.9-5.9],15.9 [10.2-21.9]
Ecuador,2005,4.5 [2.6-6.5],18.4 [13.0-24.0]
Ecuador,2000,5.3 [3.0-7.7],21.4 [15.6-28.7]
Egypt,2025,0.1 [0.1-0.3],63.1 [31.4-94.2]
Egypt,2020,0.2 [0.1-0.3],56.3 [34.9-85.0]
Egypt,2015,0.3 [0.2-0.5],49.9 [35.0-65.6]
Egypt,2012,0.4 [0.3-0.6],45.9 [35.7-57.2]
Egypt,2010,0.5 [0.3-0.7],43.9 [35.0-52.9]
Egypt,2009,,
Egypt,2005,0.8 [0.5-1.1],39.3 [31.1-48.7]
Egypt,2000,1.2 [0.6-1.8],35.5 [23.6-48.4]
El Salvador,2009,,
El Salvador,2003,,
Equatorial Guinea,2008,,
Eritrea,2006,,
Estonia,2025,23.7 [15.6-31.9],34.2 [22.7-48.0]
Estonia,2020,24.3 [17.9-32.0],37.5 [27.7-49.4]
Estonia,2015,24.9 [19.2-31.1],41.2 [32.2-51.1]
Estonia,2012,25.4 [20.3-31.0],43.6 [35.0-52.3]
Estonia,2010,25.6 [21.3-31.3],45.2 [36.9-54.2]
Estonia,2007,,
Estonia,2005,26.5 [21.2-31.1],49.9 [41.1-59.7]
Estonia,2003,,
Estonia,2000,27.4 [22.3-33.1],55.3 [44.5-66.6]
Ethiopia,2025,0.4 [0.1-0.8],9.1 [4.8-14.0]
Ethiopia,2020,0.5 [0.2-0.8],9.0 [5.5-12.9]
Ethiopia,2015,0.5 [0.2-0.8],8.9 [6.0-12.1]
Ethiopia,2012,0.5 [0.2-0.8],8.9 [6.4-11.9]
Ethiopia,2010,0.5 [0.3-0.8],9.0 [6.6-11.6]
Ethiopia,2005,0.6 [0.3-0.9],9.1 [6.7-12.1]
Ethiopia,2000,0.6 [0.3-1.0],9.0 [6.3-12.4]
Fiji,2025,11.4 [2.9-23.5],33.3 [7.4-66.7]
Fiji,2020,11.9 [4.2-22.4],35.8 [10.2-66.3]
Fiji,2015,12.4 [5.5-21.5],38.7 [15.1-66.1]
Fiji,2012,12.8 [6.1-20.9],40.6 [18.1-63.9]
Fiji,2010,13.1 [6.8-21.1],42.3 [19.3-64.9]
Fiji,2009,,
Fiji,2005,14.1 [8.5-21.4],46.4 [25.4-69.0]
Fiji,2000,15.2 [8.5-22.7],52.0 [31.5-79.5]
Finland,2025,15.0 [11.0-19.5],18.3 [12.4-23.7]
Finland,2020,16.7 [12.9-21.0],20.6 [15.7-25.8]
Finland,2015,18.5 [14.6-22.2],23.2 [18.6-27.6]
Finland,2012,19.6 [16.1-23.4],25.0 [20.7-29.6]
Finland,2010,20.6 [17.0-24.2],26.3 [22.1-31.2]
Finland,2005,22.8 [18.9-27.0],29.9 [24.5-35.1]
Finland,2000,25.7 [20.5-30.8],33.8 [27.2-39.7]
France,2025,24.4 [14.3-36.7],25.7 [15.3-38.2]
France,2020,24.9 [16.3-35.3],27.7 [18.6-39.1]
France,2015,25.6 [18.0-34.4],29.8 [21.2-38.7]
France,2012,25.8 [19.4-33.4],31.1 [23.0-40.3]
France,2010,26.2 [18.5-32.7],32.1 [24.4-41.5]
France,2005,26.8 [20.8-33.5],34.8 [27.4-44.3]
France,2000,27.8 [21.5-36.0],37.7 [26.8-47.6]
Georgia,2025,5.3 [2.9-8.1],54.8 [30.8-80.1]
Georgia,2020,5.5 [3.6-7.9],56.0 [37.6-78.8]
Georgia,2015,5.7 [4.0-7.5],57.7 [43.0-76.2]
Georgia,2014,,
Georgia,2012,5.8 [4.4-7.5],58.6 [44.0-72.3]
Georgia,2010,6.0 [4.5-7.4],59.6 [47.5-74.1]
Georgia,2008,,
Georgia,2005,6.2 [4.9-7.6],61.4 [49.2-74.8]
Georgia,2003,,
Georgia,2000,6.5 [5.0-8.2],63.4 [49.6-78.7]
Germany,2025,27.0 [18.2-35.3],29.1 [20.4-38.3]
Germany,2020,27.7 [20.5-35.0],30.7 [23.5-39.0]
Germany,2015,28.3 [22.1-34.2],32.4 [26.1-39.1]
Germany,2012,28.7 [24.0-34.7],33.6 [27.1-40.4]
Germany,2010,29.0 [24.0-34.4],34.3 [28.1-40.7]
Germany,2005,29.6 [24.7-34.8],36.1 [30.2-42.1]
Germany,2000,30.4 [24.9-35.6],38.4 [31.3-45.2]
Ghana,2025,0.3 [0.1-0.6],17.0 [7.3-29.2]
Ghana,2020,0.4 [0.2-0.6],14.9 [7.7-23.7]
Ghana,2015,0.4 [0.2-0.7],13.1 [7.4-18.6]
Ghana,2012,0.5 [0.3-0.7],12.1 [8.2-17.3]
Ghana,2010,0.5 [0.3-0.7],11.6 [8.2-15.9]
Ghana,2009,,
Ghana,2006,,
Ghana,2005,0.6 [0.4-0.9],10.3 [7.5-13.5]
Ghana,2000,0.8 [0.5-1.1],9.2 [6.4-12.4]
Greece,2025,28.3 [12.4-45.6],47.7 [24.1-70.7]
Greece,2020,30.2 [15.6-44.7],49.7 [31.3-69.7]
Greece,2015,32.7 [19.6-48.4],52.6 [34.4-68.5]
Greece,2013,,
Greece,2012,34.2 [21.8-49.5],54.3 [39.0-71.6]
Greece,2010,35.2 [22.8-51.0],55.6 [41.5-73.8]
Greece,2005,38.6 [23.4-55.0],59.3 [40.4-79.3]
Greece,2000,42.4 [24.9-64.9],63.0 [38.2-87.6]
Grenada,2009,,
Grenada,2004,,
Guatemala,2008,,
Guinea,2008,,
Guyana,2010,,
Guyana,2004,,
Haiti,2025,2.0 [0.7-3.7],25.8 [9.5-45.2]
Haiti,2020,2.2 [1.0-3.8],23.7 [11.4-39.5]
Haiti,2015,2.5 [1.3-4.0],22.1 [12.4-32.7]
Haiti,2012,2.7 [1.7-4.2],21.2 [12.9-31.0]
Haiti,2010,2.9 [1.7-4.2],20.7 [13.8-30.2]
Haiti,2005,3.3 [2.2-4.8],19.4 [13.3-26.8]
Haiti,2000,3.8 [2.2-5.4],18.4 [11.4-25.8]
Honduras,2025,1.4 [0.5-2.6],23.8 [10.2-41.2]
Honduras,2020,1.7 [0.8-2.9],27.8 [14.8-42.1]
Honduras,2015,2.1 [1.2-3.5],33.3 [22.1-45.1]
Honduras,2012,2.4 [1.4-3.7],37.2 [26.6-49.3]
Honduras,2010,2.7 [1.6-4.0],40.3 [28.6-55.2]
Honduras,2005,3.3 [1.7-5.2],49.2 [29.0-73.2]
Honduras,2000,4.2 [1.7-7.1],60.2 [34.4-100.0]
Hungary,2025,20.2 [11.8-28.8],25.3 [15.9-36.2]
Hungary,2020,22.4 [14.7-30.0],28.3 [20.2-38.6]
Hungary,2015,24.8 [18.8-32.4],32.0 [23.8-40.3]
Hungary,2013,,
Hungary,2012,26.5 [19.4-32.8],34.5 [26.5-42.4]
Hungary,2010,27.5 [21.3-34.2],35.9 [29.3-44.5]
Hungary,2008,,
Hungary,2005,30.8 [24.5-37.3],40.6 [32.3-48.3]
Hungary,2003,,
Hungary,2000,34.4 [26.9-43.3],46.1 [36.4-58.3]
Iceland,2025,10.6 [5.3-17.2],11.3 [4.9-18.6]
Iceland,2020,12.6 [7.3-18.3],13.7 [7.9-21.2]
Iceland,2015,15.1 [10.3-21.1],17.0 [11.2-24.4]
Iceland,2012,16.9 [11.9-21.7],19.3 [13.3-26.2]
Iceland,2010,18.1 [13.0-23.2],21.1 [14.8-27.7]
Iceland,2005,22.1 [16.2-28.1],26.5 [18.5-34.9]
Iceland,2000,27.1 [17.7-37.2],33.5 [21.7-48.3]
India,2025,0.8 [0.4-1.3],14.7 [6.4-25.1]
India,2020,1.2 [0.7-1.8],17.2 [9.6-25.6]
India,2015,1.9 [1.4-2.5],20.4 [14.5-27.3]
India,2012,2.4 [1.9-3.0],22.8 [17.8-28.0]
India,2010,2.9 [2.3-3.6],24.4 [19.8-29.2]
India,2009,,
India,2006,,
India,2005,4.6 [3.6-5.8],29.5 [23.1-36.1]
India,2003,,
India,2000,7.3 [4.7-9.9],35.9 [24.7-49.3]
Indonesia,2025,2.6 [1.5-3.8],87.2 [63.9-100.0]
Indonesia,2020,3.0 [2.0-4.1],82.7 [62.5-100.0]
Indonesia,2015,3.6 [2.6-4.5],76.2 [59.5-95.5]
Indonesia,2014,,
Indonesia,2012,4.0 [3.2-4.9],71.8 [56.5-88.4]
Indonesia,2010,4.2 [3.5-5.3],68.4 [55.9-83.5]
Indonesia,2005,5.0 [4.0-6.2],62.0 [49.4-75.5]
Indonesia,2000,6.0 [4.5-7.6],56.2 [42.0-73.7]
Iran (Islamic Republic of),2025,0.2 [0.1-0.4],17.7 [8.4-28.7]
Iran (Islamic Republic of),2020,0.4 [0.2-0.6],19.4 [11.2-28.0]
Iran (Islamic Republic of),2015,0.7 [0.4-1.1],21.5 [15.5-28.8]
Iran (Islamic Republic of),2012,1.1 [0.8-1.5],22.9 [17.7-28.6]
Iran (Islamic Republic of),2010,1.5 [1.0-1.9],23.8 [18.9-28.8]
Iran (Islamic Republic of),2007,,
Iran (Islamic Republic of),2005,2.9 [2.1-3.8],26.8 [21.2-33.2]
Iran (Islamic Republic of),2003,,
Iran (Islamic Republic of),2000,5.8 [3.8-8.1],30.2 [21.7-41.0]
Iraq,2012,,
Ireland,2025,18.0 [9.6-29.7],17.8 [8.4-28.4]
Ireland,2020,19.8 [11.6-28.7],20.0 [11.3-29.7]
Ireland,2015,21.9 [15.7-30.1],22.4 [15.0-29.7]
Ireland,2012,23.5 [17.7-30.2],24.2 [18.4-30.9]
Ireland,2010,24.4 [18.8-30.9],25.5 [20.0-31.9]
Ireland,2005,27.3 [21.4-32.5],28.9 [23.5-35.0]
Ireland,2000,30.5 [22.5-37.8],33.1 [25.1-42.1]
Israel,2025,17.9 [8.4-29.3],41.1 [18.1-69.9]
Israel,2020,18.7 [9.7-28.0],41.0 [21.8-63.7]
Israel,2015,19.3 [11.8-26.7],41.2 [27.0-57.6]
Israel,2012,20.1 [13.2-26.7],41.7 [29.0-56.4]
Israel,2010,20.4 [14.5-26.7],41.8 [32.3-55.3]
Israel,2005,21.6 [16.3-28.0],42.5 [32.7-52.3]
Israel,2000,22.8 [15.8-28.8],43.6 [32.2-55.3]
Italy,2025,19.6 [14.9-25.2],25.8 [18.4-32.2]
Italy,2020,19.6 [15.2-24.1],26.9 [20.8-32.2]
Italy,2015,19.7 [16.6-23.8],28.3 [23.6-33.9]
Italy,2014,,
Italy,2012,19.8 [16.7-23.4],29.1 [23.7-33.3]
Italy,2010,19.8 [16.6-23.2],29.7 [25.0-34.7]
Italy,2005,20.1 [17.0-23.5],31.2 [26.4-36.6]
Italy,2000,20.2 [16.9-24.0],32.9 [26.6-38.6]
Jamaica,2025,4.6 [1.3-8.9],31.7 [9.8-59.6]
Jamaica,2020,5.2 [2.1-9.1],30.7 [12.4-52.2]
Jamaica,2015,5.9 [2.9-9.5],29.9 [13.6-45.8]
Jamaica,2012,6.4 [3.4-9.7],29.5 [17.6-44.6]
Jamaica,2010,6.7 [3.6-9.9],29.3 [18.0-42.6]
Jamaica,2006,,
Jamaica,2005,7.8 [4.8-11.0],28.9 [18.1-40.4]
Jamaica,2000,8.9 [5.1-12.6],29.0 [18.1-41.0]
Japan,2025,8.7 [5.3-12.4],25.5 [16.2-34.8]
Japan,2020,9.6 [6.4-12.9],29.2 [20.5-38.4]
Japan,2015,10.6 [8.0-13.4],33.7 [25.9-41.6]
Japan,2012,11.3 [8.4-13.6],36.3 [28.9-44.0]
Japan,2010,11.7 [9.5-14.2],38.4 [30.9-45.2]
Japan,2005,13.0 [10.4-15.5],44.4 [37.3-52.2]
Japan,2000,14.4 [11.8-17.8],51.3 [41.8-61.7]
Jordan,2025,13.8 [5.9-22.9],86.5 [51.6-100.0]
Jordan,2020,12.1 [6.7-18.1],80.4 [51.2-100.0]
Jordan,2015,10.7 [6.8-15.3],70.2 [46.6-97.0]
Jordan,2012,10.0 [6.6-13.9],63.6 [42.9-86.0]
Jordan,2010,9.5 [6.6-13.0],58.9 [40.6-76.6]
Jordan,2009,,
Jordan,2007,,
Jordan,2005,8.5 [6.0-12.0],49.6 [35.1-63.6]
Jordan,2003,,
Jordan,2000,7.7 [4.6-11.0],42.0 [26.0-58.4]
Kazakhstan,2025,8.2 [3.9-13.1],37.2 [20.4-54.5]
Kazakhstan,2020,8.7 [4.7-12.6],40.3 [27.3-55.6]
Kazakhstan,2015,9.3 [6.1-12.3],43.9 [31.7-56.1]
Kazakhstan,2012,9.7 [6.8-12.3],46.3 [35.7-57.9]
Kazakhstan,2010,9.9 [7.5-13.1],47.8 [38.2-57.8]
Kazakhstan,2009,,
Kazakhstan,2005,10.6 [8.3-13.0],52.2 [41.9-62.0]
Kazakhstan,2004,,
Kazakhstan,2000,11.5 [8.7-14.5],57.4 [45.6-69.3]
Kenya,2025,1.7 [0.7-3.0],21.4 [10.8-34.6]
Kenya,2020,1.9 [1.0-3.2],22.9 [13.2-33.8]
Kenya,2015,2.1 [1.3-3.3],24.6 [17.0-33.1]
Kenya,2013,,
Kenya,2012,2.3 [1.4-3.2],25.7 [19.1-33.7]
Kenya,2010,2.4 [1.6-3.4],26.3 [20.3-34.0]
Kenya,2007,,
Kenya,2005,2.7 [1.8-3.6],28.5 [22.8-35.7]
Kenya,2001,,
Kenya,2000,3.0 [2.1-4.2],31.0 [22.7-40.1]
Kiribati,2025,36.8 [13.9-68.4],54.9 [28.2-100.0]
Kiribati,2020,38.8 [17.0-64.0],59.1 [30.4-92.1]
Kiribati,2015,40.9 [25.1-61.4],63.9 [38.8-88.7]
Kiribati,2012,42.6 [28.9-59.2],67.3 [47.0-91.8]
Kiribati,2010,43.7 [30.4-57.5],69.3 [52.5-93.4]
Kiribati,2009,,
Kiribati,2005,47.1 [34.6-60.6],75.9 [56.5-93.4]
Kiribati,2000,51.1 [34.7-70.0],82.0 [61.7-100.0]
Kuwait,2009,,
Kuwait,2005,,
Kyrgyzstan,2025,3.0 [1.5-4.8],50.4 [33.8-70.3]
Kyrgyzstan,2020,3.3 [2.0-4.9],50.3 [36.2-65.7]
Kyrgyzstan,2015,3.6 [2.4-5.1],50.4 [38.1-62.9]
Kyrgyzstan,2014,,
Kyrgyzstan,2012,3.8 [2.5-5.0],50.2 [39.9-60.2]
Kyrgyzstan,2010,3.9 [2.9-5.2],50.4 [41.0-60.4]
Kyrgyzstan,2008,,
Kyrgyzstan,2005,4.4 [3.1-5.7],50.3 [40.1-60.1]
Kyrgyzstan,2004,,
Kyrgyzstan,2000,4.8 [3.2-6.5],51.1 [39.6-64.4]
Lao People's Democratic Republic,2025,5.4 [2.7-8.2],48.0 [27.3-70.1]
Lao People's Democratic Republic,2020,7.0 [4.2-10.1],51.9 [33.0-70.6]
Lao People's Democratic Republic,2015,9.1 [6.2-12.0],56.6 [40.3-72.1]
Lao People's Democratic Republic,2012,10.7 [7.9-13.6],59.8 [45.1-74.2]
Lao People's Democratic Republic,2011,,
Lao People's Democratic Republic,2010,11.9 [9.0-15.3],61.7 [48.9-75.4]
Lao People's Democratic Republic,2005,15.7 [12.1-19.6],67.6 [52.5-81.6]
Lao People's Democratic Republic,2003,,
Lao People's Democratic Republic,2000,20.7 [14.5-26.7],74.2 [56.4-93.7]
Latvia,2025,24.1 [15.7-34.0],44.4 [26.9-61.8]
Latvia,2020,24.2 [16.7-32.0],46.5 [32.2-61.6]
Latvia,2015,24.3 [18.4-30.6],48.9 [38.3-63.0]
Latvia,2012,24.4 [19.2-29.7],50.5 [40.0-62.5]
Latvia,2011,,
Latvia,2010,24.4 [19.6-29.3],51.6 [42.4-62.7]
Latvia,2007,,
Latvia,2005,24.6 [20.7-29.7],53.9 [44.1-63.6]
Latvia,2002,,
Latvia,2000,25.0 [19.6-29.2],57.1 [45.6-67.6]
Lebanon,2025,37.7 [19.6-59.8],55.4 [30.1-85.1]
Lebanon,2020,34.1 [21.3-49.8],50.2 [28.9-71.0]
Lebanon,2015,31.0 [21.9-40.5],45.4 [32.1-59.5]
Lebanon,2012,29.4 [22.3-37.2],43.0 [32.3-53.3]
Lebanon,2011,,
Lebanon,2010,28.3 [21.2-35.3],41.7 [31.8-50.7]
Lebanon,2005,26.2 [19.9-33.9],38.3 [28.1-47.5]
Lebanon,2000,24.3 [16.0-34.3],35.4 [24.2-48.1]
Lesotho,2025,0.4 [0.1-0.6],73.6 [47.1-100.0]
Lesotho,2020,0.4 [0.2-0.7],64.3 [39.1-89.5]
Lesotho,2015,0.4 [0.2-0.7],55.1 [38.9-73.4]
Lesotho,2012,0.4 [0.2-0.7],50.1 [36.7-65.4]
Lesotho,2010,0.5 [0.2-0.7],47.2 [35.4-61.6]
Lesotho,2008,,
Lesotho,2005,0.5 [0.3-0.8],40.7 [29.5-53.7]
Lesotho,2002,,
Lesotho,2000,0.6 [0.3-0.9],35.2 [22.9-50.4]
Liberia,2025,1.7 [0.5-3.2],37.2 [15.2-69.2]
Liberia,2020,2.0 [0.7-3.4],32.0 [14.1-53.0]
Liberia,2015,2.4 [1.1-3.9],27.6 [13.9-44.6]
Liberia,2012,2.7 [1.2-4.3],25.4 [12.5-40.6]
Liberia,2010,2.8 [1.4-4.7],23.9 [12.8-38.6]
Liberia,2005,3.4 [1.6-5.6],21.0 [9.7-33.9]
Liberia,2000,4.1 [1.8-6.9],18.4 [7.9-31.1]
Libya,2010,,
Libya,2007,,
Libya,2003,,
Lithuania,2025,23.6 [12.4-34.9],31.0 [18.4-44.1]
Lithuania,2020,22.9 [14.7-32.2],34.2 [22.2-44.9]
Lithuania,2015,22.2 [15.6-28.8],38.1 [28.6-48.8]
Lithuania,2012,21.9 [16.7-27.2],40.5 [32.2-51.8]
Lithuania,2010,21.8 [17.0-26.8],42.3 [34.1-52.3]
Lithuania,2009,,
Lithuania,2005,21.3 [17.0-25.5],47.3 [38.6-56.5]
Lithuania,2000,20.9 [16.1-25.2],53.1 [42.9-65.4]
Luxembourg,2025,19.4 [10.4-29.8],21.8 [13.0-32.9]
Luxembourg,2020,20.4 [12.8-29.7],23.8 [15.9-33.8]
Luxembourg,2015,21.4 [15.2-28.2],25.8 [18.9-34.6]
Luxembourg,2012,22.3 [15.9-28.2],27.4 [21.5-35.4]
Luxembourg,2010,22.7 [17.6-28.5],28.4 [22.2-35.2]
Luxembourg,2005,24.1 [19.3-29.8],31.1 [24.5-37.9]
Luxembourg,2000,25.8 [19.8-32.6],34.3 [26.0-42.6]
Madagascar,2008,,
Malawi,2025,4.5 [1.8-7.9],21.8 [13.5-31.3]
Malawi,2020,5.2 [2.6-8.6],23.5 [16.2-31.9]
Malawi,2015,6.0 [3.2-8.9],25.4 [18.4-32.2]
Malawi,2012,6.6 [3.9-9.6],26.6 [20.9-33.4]
Malawi,2010,7.0 [4.2-9.8],27.6 [21.5-33.9]
Malawi,2009,,
Malawi,2005,8.2 [5.2-11.4],30.0 [24.4-36.8]
Malawi,2000,9.7 [6.1-13.7],32.8 [25.7-41.7]
Malaysia,2025,0.8 [0.3-1.6],37.8 [17.8-65.7]
Malaysia,2020,1.1 [0.5-1.8],40.2 [23.1-64.2]
Malaysia,2015,1.4 [0.8-2.1],43.0 [27.1-59.4]
Malaysia,2012,1.6 [1.0-2.2],44.9 [31.7-59.9]
Malaysia,2010,1.8 [1.2-2.4],46.2 [33.0-58.4]
Malaysia,2009,,
Malaysia,2005,2.4 [1.9-3.1],50.0 [39.5-62.2]
Malaysia,2003,,
Malaysia,2000,3.2 [2.3-4.3],54.8 [41.4-69.8]
Maldives,2011,,
Maldives,2007,,
Maldives,2004,,
Mali,2025,2.8 [1.2-4.7],55.0 [27.6-87.9]
Mali,2020,3.0 [1.5-4.7],45.1 [25.2-65.7]
Mali,2015,3.2 [1.7-4.8],36.8 [24.0-49.4]
Mali,2012,3.4 [2.0-5.0],32.6 [23.4-43.3]
Mali,2010,3.5 [1.9-5.1],30.3 [21.7-38.2]
Mali,2008,,
Mali,2005,3.7 [2.2-5.6],24.9 [19.0-31.3]
Mali,2000,4.1 [2.2-6.2],20.6 [14.8-26.3]
Malta,2025,17.0 [8.8-26.6],25.9 [12.1-40.3]
Malta,2020,18.6 [11.5-27.1],27.7 [16.6-40.7]
Malta,2015,20.2 [14.0-26.3],29.7 [20.8-40.2]
Malta,2012,21.5 [16.1-27.9],31.5 [23.1-40.6]
Malta,2010,22.0 [16.8-27.7],32.5 [25.0-41.9]
Malta,2005,24.3 [18.9-30.3],35.4 [27.8-44.3]
Malta,2000,26.9 [20.3-35.8],38.8 [28.4-49.1]
Marshall Islands,2009,,
Mauritania,2025,2.8 [1.2-5.0],64.9 [34.3-95.0]
Mauritania,2020,3.2 [1.5-5.1],54.3 [30.2-83.2]
Mauritania,2015,3.7 [2.2-5.5],44.0 [27.2-62.0]
Mauritania,2012,4.0 [2.6-5.7],38.9 [27.1-52.5]
Mauritania,2010,4.2 [2.8-5.8],35.8 [25.5-46.6]
Mauritania,2009,,
Mauritania,2006,,
Mauritania,2005,4.9 [3.4-6.6],29.2 [22.4-36.4]
Mauritania,2001,,
Mauritania,2000,5.7 [3.8-7.8],23.9 [16.9-30.1]
Mauritius,2025,2.6 [1.2-4.2],37.2 [19.0-58.2]
Mauritius,2020,2.9 [1.7-4.4],38.6 [22.8-54.2]
Mauritius,2015,3.3 [2.0-4.5],40.1 [29.3-53.9]
Mauritius,2012,3.5 [2.6-4.7],41.3 [31.9-52.9]
Mauritius,2010,3.7 [2.8-4.7],42.0 [33.1-52.8]
Mauritius,2008,,
Mauritius,2005,4.2 [3.3-5.2],44.1 [35.6-53.0]
Mauritius,2003,,
Mauritius,2000,4.8 [3.7-6.1],46.6 [36.8-57.7]
Mexico,2025,4.3 [2.6-5.8],14.5 [10.3-19.9]
Mexico,2020,5.3 [3.8-7.1],17.3 [12.9-22.0]
Mexico,2015,6.6 [5.2-8.2],20.8 [16.4-25.3]
Mexico,2012,7.6 [6.1-9.2],23.3 [19.0-27.8]
Mexico,2011,,
Mexico,2010,8.4 [7.1-10.1],25.1 [21.0-29.6]
Mexico,2005,10.5 [8.8-12.6],30.2 [25.3-35.5]
Mexico,2000,13.3 [10.7-16.1],36.6 [29.8-43.8]
Micronesia (Federated States of),2013,,
Micronesia (Federated States of),2007,,
Mongolia,2025,3.8 [2.2-5.9],43.5 [25.7-63.1]
Mongolia,2020,4.5 [2.9-6.3],45.4 [31.9-61.7]
Mongolia,2015,5.3 [3.8-6.8],47.7 [36.0-59.0]
Mongolia,2014,,
Mongolia,2012,5.8 [4.5-7.4],49.3 [39.0-60.1]
Mongolia,2010,6.3 [5.1-7.9],50.3 [41.1-60.1]
Mongolia,2007,,
Mongolia,2005,7.5 [5.8-9.5],53.6 [41.5-64.9]
Mongolia,2003,,
Mongolia,2000,9.0 [6.1-12.1],56.9 [39.9-73.5]
Montenegro,2008,,
Montenegro,2003,,
Morocco,2025,0.7 [0.2-1.4],57.0 [30.1-93.9]
Morocco,2020,1.0 [0.4-1.8],51.3 [26.9-79.3]
Morocco,2015,1.4 [0.7-2.2],45.4 [27.9-61.7]
Morocco,2012,1.7 [1.0-2.5],42.5 [29.2-55.3]
Morocco,2010,1.9 [1.1-2.7],40.6 [31.3-51.5]
Morocco,2006,,
Morocco,2005,2.8 [1.8-3.9],36.4 [28.6-44.1]
Morocco,2001,,
Morocco,2000,4.0 [2.3-5.9],33.1 [25.5-41.5]
Mozambique,2025,5.2 [1.9-9.7],26.4 [12.3-42.5]
Mozambique,2020,5.5 [2.2-9.4],28.8 [16.3-44.1]
Mozambique,2015,5.9 [2.5-9.6],31.4 [19.9-43.1]
Mozambique,2012,6.2 [3.0-10.0],33.4 [21.8-45.7]
Mozambique,2010,6.4 [3.3-10.3],34.8 [22.9-47.8]
Mozambique,2005,6.9 [3.4-10.7],38.5 [24.9-55.0]
Mozambique,2000,7.6 [3.6-12.8],42.7 [24.2-62.9]
Myanmar,2025,3.8 [0.7-7.2],22.0 [9.2-36.5]
Myanmar,2020,4.9 [1.7-8.4],26.2 [13.5-39.8]
Myanmar,2015,6.4 [3.3-10.1],31.6 [20.3-43.5]
Myanmar,2012,7.7 [4.3-11.7],35.2 [25.8-47.4]
Myanmar,2011,,
Myanmar,2010,8.6 [5.2-12.6],38.3 [28.4-49.0]
Myanmar,2007,,
Myanmar,2005,11.6 [7.4-16.4],46.4 [36.5-56.6]
Myanmar,2004,,
Myanmar,2000,15.8 [9.8-24.0],56.6 [40.9-71.9]
Namibia,2025,9.8 [4.5-16.4],47.4 [20.5-75.1]
Namibia,2020,10.5 [5.8-15.5],42.9 [23.7-65.8]
Namibia,2015,11.4 [7.4-15.7],38.9 [24.9-55.3]
Namibia,2012,12.0 [8.2-15.9],36.4 [25.5-49.9]
Namibia,2010,12.3 [9.0-15.8],35.1 [25.0-46.3]
Namibia,2008,,
Namibia,2005,13.4 [10.5-16.8],31.9 [24.3-40.6]
Namibia,2004,,
Namibia,2000,14.7 [11.2-18.3],29.3 [21.4-37.2]
Nauru,2025,46.8 [17.7-89.7],36.9 [14.2-70.7]
Nauru,2020,49.2 [21.6-84.1],39.5 [17.3-65.6]
Nauru,2015,52.0 [26.3-79.7],43.0 [24.1-65.3]
Nauru,2012,53.7 [31.8-77.1],45.4 [27.7-65.9]
Nauru,2010,55.5 [36.1-76.3],46.9 [30.4-66.1]
Nauru,2005,59.3 [41.3-80.6],51.6 [35.2-67.5]
Nauru,2000,63.9 [44.9-87.7],57.0 [37.3-76.2]
Nepal,2025,5.3 [3.0-7.9],32.9 [20.6-45.2]
Nepal,2020,7.7 [4.8-10.6],34.7 [23.6-44.9]
Nepal,2015,11.1 [7.8-14.4],37.1 [29.0-47.3]
Nepal,2012,13.9 [10.7-17.7],38.7 [31.5-48.5]
Nepal,2011,,
Nepal,2010,16.1 [12.5-19.7],39.7 [31.8-47.6]
Nepal,2007,,
Nepal,2005,23.5 [19.2-28.5],42.5 [35.4-50.5]
Nepal,2000,34.3 [26.8-42.8],45.6 [36.7-55.7]
Netherlands,2025,20.4 [12.6-26.9],20.6 [13.9-27.5]
Netherlands,2020,22.1 [15.7-28.4],22.9 [16.3-28.8]
Netherlands,2015,23.9 [18.3-29.4],26.2 [20.2-32.4]
Netherlands,2012,24.7 [20.0-29.6],27.5 [22.1-33.2]
Netherlands,2010,25.9 [21.0-30.6],29.4 [23.7-35.1]
Netherlands,2005,28.1 [24.1-33.0] 28.1 [23.2-33.1],32.7 [26.9-38.1]
Netherlands,2000,30.7 [25.1-36.0],36.7 [29.9-43.3]
New Zealand,2008,,
Niger,2025,0.1 [0.0-0.3],31.0 [17.2-48.8]
Niger,2020,0.2 [0.1-0.3],24.0 [14.8-34.4]
Niger,2015,0.2 [0.1-0.3],18.6 [13.0-24.0]
Niger,2012,0.2 [0.1-0.4],15.9 [11.8-20.1]
Niger,2010,0.2 [0.1-0.4],14.4 [10.7-18.5]
Niger,2009,,
Niger,2006,,
Niger,2005,0.3 [0.1-0.4],11.3 [8.1-14.9]
Niger,2001,,
Niger,2000,0.3 [0.1-0.5],9.0 [5.3-12.9]
Nigeria,2025,0.7 [0.2-1.4],23.8 [8.7-45.1]
Nigeria,2020,0.9 [0.3-1.6],20.2 [8.0-35.4]
Nigeria,2015,1.1 [0.4-2.0],17.4 [8.0-28.9]
Nigeria,2012,1.2 [0.4-2.1],15.9 [8.2-25.2]
Nigeria,2010,1.3 [0.5-2.3],15.0 [8.0-23.8]
Nigeria,2005,1.6 [0.7-2.8],13.0 [7.3-20.3]
Nigeria,2000,2.0 [0.8-3.4],11.3 [6.1-17.1]
Niue,2025,9.5 [4.3-15.7],16.2 [7.6-26.9]
Niue,2020,10.3 [5.4-15.6],18.2 [9.8-27.0]
Niue,2015,11.4 [6.9-15.9],20.3 [13.0-27.8]
Niue,2012,12.0 [8.0-17.0],21.9 [14.3-29.8]
Niue,2010,12.5 [7.8-17.2],23.2 [14.9-31.2]
Niue,2009,,
Niue,2005,14.0 [8.4-20.1],26.5 [16.9-37.1]
Niue,2000,15.7 [8.4-24.2],30.6 [18.6-49.6]
Norway,2025,14.7 [11.2-18.4],14.4 [11.3-18.3]
Norway,2020,18.1 [14.5-22.4],17.9 [14.3-21.7]
Norway,2015,22.1 [18.4-26.5],22.4 [18.3-26.2]
Norway,2012,24.9 [20.7-29.7],25.5 [21.4-30.3]
Norway,2010,27.1 [23.2-31.8],28.0 [23.3-32.0]
Norway,2005,33.4 [27.9-38.5],34.7 [29.0-40.4]
Norway,2000,41.0 [34.1-48.2],43.1 [35.6-50.4]
Oman,2025,1.3 [0.2-2.5],30.8 [9.5-60.7]
Oman,2020,1.1 [0.3-2.1],25.4 [9.5-43.2]
Oman,2015,1.0 [0.4-1.8],21.0 [10.5-32.4]
Oman,2012,1.0 [0.4-1.6],18.9 [11.7-28.1]
Oman,2010,1.0 [0.4-1.5],17.5 [11.1-24.4]
Oman,2007,,
Oman,2005,0.9 [0.5-1.4],14.8 [11.1-19.5]
Oman,2002,,
Oman,2000,0.8 [0.4-1.3],12.5 [8.9-16.0]
Pakistan,2025,1.6 [0.7-2.8],46.3 [23.4-74.0]
Pakistan,2020,2.1 [1.2-3.5],43.9 [26.0-64.8]
Pakistan,2015,3.0 [1.8-4.2],41.9 [29.7-57.3]
Pakistan,2012,3.6 [2.5-5.0],40.6 [30.1-52.4]
Pakistan,2010,4.2 [2.9-5.4],40.2 [29.4-50.7]
Pakistan,2005,5.9 [4.1-7.6],38.5 [29.6-47.4]
Pakistan,2000,8.4 [5.6-11.5],37.4 [27.1-48.3]
Palau,2013,,
Palau,2009,,
Palau,2005,,
Palau,2000,,
Panama,2025,1.7 [0.8-2.8],6.1 [2.8-10.1]
Panama,2020,2.1 [1.2-3.1],8.0 [4.7-11.8]
Panama,2015,2.6 [1.8-3.5],10.6 [7.6-14.3]
Panama,2012,2.9 [2.2-3.7],12.5 [9.5-16.0]
Panama,2010,3.2 [2.5-4.0],14.1 [11.3-17.9]
Panama,2008,,
Panama,2005,4.1 [3.1-5.2],18.9 [13.9-23.5]
Panama,2002,,
Panama,2000,5.2 [3.2-7.1],25.5 [16.7-34.9]
Papua New Guinea,2007,,
Paraguay,2025,5.4 [2.3-9.1],21.0 [9.2-33.1]
Paraguay,2020,6.5 [3.5-10.5],24.4 [13.1-36.7]
Paraguay,2015,7.9 [4.9-11.4],28.3 [18.1-39.0]
Paraguay,2012,9.0 [6.1-12.4],31.3 [21.2-41.2]
Paraguay,2010,9.7 [6.9-12.9],33.1 [23.1-42.7]
Paraguay,2008,,
Paraguay,2005,12.0 [9.1-15.3],39.0 [30.4-50.0]
Paraguay,2000,14.9 [10.9-19.3],46.2 [34.1-59.0]
Peru,2025,4.3 [2.4-6.4],
Peru,2020,5.0 [3.3-7.1],
Peru,2015,5.9 [4.4-7.7],
Peru,2012,6.5 [5.0-8.2],
Peru,2010,6.9 [5.4-8.8],
Peru,2007,,
Peru,2005,8.2 [6.1-10.9],
Peru,2000,9.7 [6.3-13.2],
Philippines,2025,6.5 [4.3-9.3],35.6 [22.0-48.9]
Philippines,2020,7.4 [5.3-9.7],39.0 [27.6-50.7]
Philippines,2015,8.5 [6.6-10.8],43.0 [34.6-53.5]
Philippines,2012,9.2 [7.3-11.1],45.8 [37.9-54.8]
Philippines,2011,,
Philippines,2010,9.7 [8.1-11.5],47.6 [39.5-56.4]
Philippines,2007,,
Philippines,2005,11.2 [9.4-13.6],53.2 [43.2-63.4]
Philippines,2004,,
Philippines,2003,,
Philippines,2000,12.9 [10.0-16.0],59.1 [45.4-73.4]
Poland,2025,17.8 [9.4-26.4],26.0 [14.6-37.8]
Poland,2020,20.6 [13.7-28.3],28.9 [19.7-38.8]
Poland,2015,23.7 [18.6-30.3],32.4 [25.0-40.9]
Poland,2012,26.1 [20.8-31.7],34.9 [27.7-42.1]
Poland,2010,27.7 [22.6-33.3],36.5 [30.0-44.6]
Poland,2009,,
Poland,2005,32.2 [25.6-38.7],41.1 [32.5-50.0]
Poland,2003,,
Poland,2000,37.9 [27.0-48.5],46.9 [33.2-60.3]
Portugal,2025,12.9 [5.5-21.3],29.3 [17.3-46.7]
Portugal,2020,13.2 [7.1-20.2],30.3 [19.5-42.8]
Portugal,2015,13.7 [8.9-20.3],31.5 [23.3-42.2]
Portugal,2012,14.0 [9.3-19.0],32.4 [24.1-40.5]
Portugal,2010,14.2 [9.4-18.5],32.9 [25.1-40.9]
Portugal,2005,14.9 [10.6-19.4],34.5 [26.7-42.3]
Portugal,2000,15.7 [10.8-20.9],36.1 [27.6-46.5]
Qatar,2007,,
Qatar,2004,,
Republic of Korea,2025,3.6 [1.4-6.3],44.0 [21.8-68.9]
Republic of Korea,2020,3.8 [1.8-6.4],46.9 [26.4-68.5]
Republic of Korea,2015,4.2 [2.3-6.5],49.8 [32.5-70.3]
Republic of Korea,2013,,
Republic of Korea,2012,4.4 [2.6-6.6],51.7 [34.6-67.9]
Republic of Korea,2010,4.6 [2.6-6.6],53.3 [37.6-69.4]
Republic of Korea,2008,,
Republic of Korea,2005,5.0 [3.0-7.2],57.0 [43.6-73.5]
Republic of Korea,2000,5.6 [3.1-8.2],61.5 [45.7-80.5]
Republic of Moldova,2025,5.4 [3.6-7.8],49.8 [31.5-68.0]
Republic of Moldova,2020,5.4 [3.8-7.2],47.8 [34.2-61.9]
Republic of Moldova,2015,5.4 [4.1-6.9],45.7 [34.1-55.8]
Republic of Moldova,2013,,
Republic of Moldova,2012,5.4 [4.1-6.5],44.6 [35.2-53.6]
Republic of Moldova,2010,5.4 [4.2-6.5],44.1 [35.7-54.3]
Republic of Moldova,2008,,
Republic of Moldova,2005,5.4 [4.2-6.7],42.1 [33.7-50.2]
Republic of Moldova,2004,,
Republic of Moldova,2000,5.5 [4.0-6.9],40.7 [30.9-50.8]
Romania,2025,20.1 [10.6-29.5],29.8 [16.7-44.2]
Romania,2020,21.3 [14.6-29.3],33.1 [21.4-45.0]
Romania,2015,22.7 [17.0-29.3],36.9 [27.9-46.6]
Romania,2013,,
Romania,2012,23.4 [18.5-28.4],39.5 [31.2-47.9]
Romania,2010,23.9 [19.6-29.2],41.4 [33.7-49.6]
Romania,2009,,
Romania,2005,25.6 [20.8-31.1],46.6 [38.3-55.7]
Romania,2004,,
Romania,2000,27.4 [21.3-35.0],52.8 [41.1-67.2]
Russian Federation,2025,24.0 [14.4-35.1],54.6 [35.7-76.5]
Russian Federation,2020,23.4 [16.5-32.6],56.8 [41.4-75.7]
Russian Federation,2015,22.8 [17.6-29.3],59.0 [46.6-72.5]
Russian Federation,2012,22.5 [18.0-27.8],60.3 [48.2-71.4]
Russian Federation,2010,22.4 [17.5-27.1],61.2 [51.3-73.9]
Russian Federation,2005,22.1 [17.6-26.7],64.0 [51.7-75.2]
Russian Federation,2004,,
Russian Federation,2000,21.8 [16.6-27.5],67.2 [53.5-84.8]
Rwanda,2025,5.0 [2.0-8.0],
Rwanda,2020,5.2 [2.5-8.0],
Rwanda,2015,5.5 [3.0-8.0],
Rwanda,2012,5.7 [3.4-8.4],
Rwanda,2010,5.8 [3.5-8.3],
Rwanda,2008,,
Rwanda,2005,6.3 [3.7-9.2],
Rwanda,2000,6.7 [3.9-10.9],
Saint Kitts and Nevis,2010,,
Saint Kitts and Nevis,2002,,
Saint Lucia,2011,,
Saint Lucia,2007,,
Saint Vincent and the Grenadines,2011,,
Saint Vincent and the Grenadines,2007,,
Saint Vincent and the Grenadines,2000,,
Samoa,2025,15.9 [7.5-25.0],31.6 [16.3-49.5]
Samoa,2020,17.3 [9.7-24.7],35.9 [21.9-51.7]
Samoa,2015,18.9 [13.7-25.7],41.0 [29.6-54.6]
Samoa,2012,20.1 [14.3-25.6],44.8 [33.5-57.9]
Samoa,2010,20.9 [15.6-26.3],47.4 [36.6-61.0]
Samoa,2007,,
Samoa,2005,23.3 [16.7-30.5],54.9 [39.5-70.8]
Samoa,2000,26.0 [16.1-37.0],63.4 [40.0-87.6]
San Marino,2010,,
San Marino,2009,,
Sao Tome and Principe,2010,,
Saudi Arabia,2025,2.6 [0.7-5.3],35.5 [18.4-54.0]
Saudi Arabia,2020,2.7 [0.9-4.8],31.4 [18.7-45.1]
Saudi Arabia,2015,2.9 [1.3-4.5],27.9 [19.5-37.0]
Saudi Arabia,2012,3.0 [1.6-4.7],26.3 [19.5-33.4]
Saudi Arabia,2010,3.0 [1.7-4.5],24.9 [18.8-31.4]
Saudi Arabia,2007,,
Saudi Arabia,2005,3.3 [2.2-4.6],22.3 [18.0-27.6]
Saudi Arabia,2000,3.5 [2.3-4.8],20.2 [15.9-26.2]
Senegal,2025,0.5 [0.2-0.8],28.7 [17.2-42.4]
Senegal,2020,0.6 [0.3-0.9],25.8 [17.8-35.2]
Senegal,2015,0.7 [0.4-1.1],23.4 [17.2-29.3]
Senegal,2013,,
Senegal,2012,0.8 [0.5-1.2],22.1 [16.8-27.0]
Senegal,2010,0.9 [0.6-1.3],21.2 [16.9-26.2]
Senegal,2007,,
Senegal,2005,1.1 [0.7-1.6],19.2 [15.0-23.5]
Senegal,2002,,
Senegal,2000,1.4 [0.8-2.1],17.6 [12.3-22.5]
Serbia,2025,38.9 [23.3-56.3],37.9 [25.0-55.7]
Serbia,2020,39.3 [25.9-53.9],40.6 [29.2-55.5]
Serbia,2015,39.7 [28.1-50.5],43.6 [32.4-55.8]
Serbia,2013,,
Serbia,2012,39.8 [30.1-48.4],45.5 [35.7-57.0]
Serbia,2010,40.2 [31.0-49.4],46.8 [36.4-56.8]
Serbia,2008,,
Serbia,2005,40.6 [32.7-49.9],50.4 [40.4-60.7]
Serbia,2003,,
Serbia,2000,41.2 [30.2-52.3],54.6 [42.5-68.6]
Seychelles,2025,7.6 [3.5-11.9],40.9 [19.6-64.7]
Seychelles,2020,8.2 [4.6-12.0],42.1 [24.5-62.7]
Seychelles,2015,8.8 [5.4-12.3],43.0 [27.9-60.0]
Seychelles,2012,9.2 [5.8-12.7],44.0 [31.6-59.5]
Seychelles,2010,9.5 [6.4-13.1],44.8 [32.4-59.6]
Seychelles,2007,,
Seychelles,2005,10.3 [7.0-13.9],46.2 [33.8-60.1]
Seychelles,2002,,
Seychelles,2000,11.2 [7.5-15.7],48.1 [34.9-62.9]
Sierra Leone,2025,8.7 [3.4-14.7],76.2 [46.9-100.0]
Sierra Leone,2020,10.2 [5.0-15.6],68.6 [43.6-96.7]
Sierra Leone,2015,12.0 [6.7-17.9],60.0 [41.6-82.4]
Sierra Leone,2012,13.4 [7.5-19.2],55.0 [40.5-71.5]
Sierra Leone,2010,14.4 [8.6-21.0],52.1 [40.0-68.1]
Sierra Leone,2005,17.2 [10.4-26.1],45.6 [33.9-59.3]
Sierra Leone,2000,20.9 [10.7-32.0],40.1 [27.6-54.9]
Singapore,2025,4.7 [2.4-7.5],28.8 [16.1-45.3]
Singapore,2020,4.9 [3.0-7.1],28.3 [18.3-40.2]
Singapore,2015,5.0 [3.5-6.7],28.0 [20.7-37.6]
Singapore,2012,5.2 [3.9-6.6],27.7 [21.5-35.2]
Singapore,2010,5.3 [4.2-6.8],27.6 [21.9-34.2]
Singapore,2005,5.5 [4.4-6.6],27.5 [22.3-32.8]
Singapore,2000,5.8 [4.4-7.4],27.4 [22.2-34.2]
Slovakia,2025,15.9 [6.1-28.7],37.0 [12.5-64.5]
Slovakia,2020,16.8 [6.9-28.1],38.1 [19.1-62.7]
Slovakia,2015,17.6 [8.9-28.0],39.7 [23.6-57.7]
Slovakia,2012,18.1 [10.2-27.2],40.7 [26.2-57.6]
Slovakia,2011,,
Slovakia,2010,18.6 [10.7-27.3],41.4 [27.3-54.8]
Slovakia,2007,,
Slovakia,2005,19.9 [11.2-27.7],43.7 [31.9-56.9]
Slovakia,2003,,
Slovakia,2000,21.4 [12.5-31.0],46.2 [32.4-60.2]
Slovenia,2025,15.9 [9.6-24.1],18.7 [11.5-28.7]
Slovenia,2020,17.0 [11.0-23.4],20.4 [13.5-28.8]
Slovenia,2015,18.1 [13.3-23.4],22.3 [16.0-28.6]
Slovenia,2012,18.9 [14.4-23.6],23.6 [18.3-29.8]
Slovenia,2011,,
Slovenia,2010,19.5 [15.1-24.1],24.6 [19.8-30.6]
Slovenia,2007,,
Slovenia,2005,21.0 [16.7-24.9],27.0 [21.6-32.1]
Slovenia,2003,,
Slovenia,2000,22.6 [18.3-28.2],29.9 [23.9-36.7]
Solomon Islands,2008,,
South Africa,2025,4.2 [2.5-6.4],29.6 [16.0-43.9]
South Africa,2020,5.2 [3.3-7.2],30.4 [20.3-42.6]
South Africa,2015,6.5 [5.0-8.5],31.4 [24.1-40.7]
South Africa,2012,7.4 [5.7-9.3],32.1 [25.0-40.5]
South Africa,2011,,
South Africa,2010,8.0 [6.4-10.0],32.5 [25.7-40.1]
South Africa,2008,,
South Africa,2005,10.0 [8.0-12.1],33.9 [27.1-40.3]
South Africa,2002,,
South Africa,2000,12.5 [9.6-15.7],35.3 [27.6-44.2]
South Africa,1999,,
Spain,2025,24.4 [16.4-33.3],24.8 [17.1-34.4]
Spain,2020,25.7 [18.9-33.2],28.0 [20.6-36.6]
Spain,2015,27.1 [21.0-33.2],31.3 [24.1-38.2]
Spain,2012,28.0 [22.4-33.7],33.7 [27.2-41.1]
Spain,2010,28.6 [22.6-33.9],35.3 [27.6-41.9]
Spain,2005,30.4 [24.8-37.4],39.8 [31.4-47.3]
Spain,2000,32.3 [24.6-39.4],45.2 [36.2-57.2]
Sri Lanka,2025,0.1 [0.0-0.2],27.8 [8.9-52.5]
Sri Lanka,2020,0.2 [0.1-0.4],28.1 [12.6-47.1]
Sri Lanka,2015,0.4 [0.2-0.6],28.4 [15.9-41.4]
Sri Lanka,2012,0.5 [0.3-0.7],28.8 [18.7-39.6]
Sri Lanka,2011,,
Sri Lanka,2010,0.6 [0.4-0.9],29.3 [20.4-37.9]
Sri Lanka,2007,,
Sri Lanka,2005,1.1 [0.8-1.4],30.2 [24.3-36.2]
Sri Lanka,2003,,
Sri Lanka,2000,1.9 [1.4-2.6],31.5 [24.6-39.7]
Sudan,2009,,
Sudan,2005,,
Sudan,2001,,
Suriname,2009,,
Suriname,2004,,
Swaziland,2025,1.8 [0.7-3.3],21.8 [10.5-36.3]
Swaziland,2020,2.0 [1.0-3.3],20.3 [11.9-31.3]
Swaziland,2015,2.2 [1.3-3.4],19.0 [13.2-26.7]
Swaziland,2012,2.4 [1.4-3.4],18.2 [13.1-23.8]
Swaziland,2010,2.5 [1.6-3.5],17.8 [13.2-22.2]
Swaziland,2009,,
Swaziland,2005,2.8 [1.9-3.9],16.8 [13.2-21.0]
Swaziland,2001,,
Swaziland,2000,3.2 [2.0-4.5],15.9 [11.9-20.4]
Sweden,2025,14.9 [10.7-20.1],15.0 [10.2-19.3]
Sweden,2020,17.6 [13.7-22.5],17.5 [13.8-21.9]
Sweden,2015,20.8 [16.8-25.0],20.4 [16.4-24.3]
Sweden,2012,23.0 [19.4-27.4],22.3 [18.4-26.3]
Sweden,2010,24.5 [19.6-28.9],23.8 [19.7-28.5]
Sweden,2005,29.1 [23.9-35.0],27.7 [22.3-32.7]
Sweden,2000,34.6 [26.4-42.5],32.6 [24.9-40.0]
Switzerland,2025,16.5 [12.2-21.6],22.7 [17.0-29.0]
Switzerland,2020,18.1 [13.9-22.6],24.7 [19.3-31.0]
Switzerland,2015,19.7 [16.2-23.9],26.9 [21.7-32.4]
Switzerland,2012,20.9 [17.7-24.8],28.3 [23.8-33.8]
Switzerland,2010,21.7 [18.0-25.4],29.2 [24.0-34.3]
Switzerland,2005,23.8 [19.6-27.6],31.8 [27.0-37.6]
Switzerland,2000,26.1 [22.3-30.9],35.0 [29.2-41.3]
Syrian Arab Republic,2010,,
Syrian Arab Republic,2007,,
Syrian Arab Republic,2002,,
Tajikistan,2004,,
Thailand,2025,1.9 [1.2-2.5],38.3 [29.8-48.3]
Thailand,2020,2.1 [1.5-2.6],39.7 [31.7-48.8]
Thailand,2015,2.3 [1.8-2.8],41.4 [34.8-49.7]
Thailand,2012,2.4 [2.0-2.9],42.3 [35.4-49.4]
Thailand,2010,2.5 [2.1-3.0],43.2 [37.0-50.6]
Thailand,2009,,
Thailand,2005,2.8 [2.4-3.3],44.9 [37.3-51.7]
Thailand,2000,3.1 [2.5-3.6],46.6 [39.2-54.4]
The former Yugoslav republic of Macedonia,2008,,
The former Yugoslav republic of Macedonia,2003,,
Timor-Leste,2013,,
Timor-Leste,2009,,
Timor-Leste,2006,,
Togo,2013,,
Togo,2007,,
Togo,2002,,
Tonga,2025,11.9 [5.8-18.0],44.0 [23.8-67.9]
Tonga,2020,12.4 [7.7-17.8],45.6 [26.8-63.4]
Tonga,2015,13.0 [8.7-17.0],47.3 [32.9-62.3]
Tonga,2012,13.3 [10.0-16.8],48.4 [36.2-59.7]
Tonga,2010,13.6 [10.5-17.0],49.3 [36.7-60.1]
Tonga,2005,14.3 [11.1-17.6],51.8 [41.9-63.3]
Tonga,2000,15.1 [11.0-19.5],54.4 [40.7-70.2]
Trinidad and Tobago,2011,,
Trinidad and Tobago,2007,,
Trinidad and Tobago,2000,,
Tunisia,2010,,
Tunisia,2007,,
Tunisia,2001,,
Turkey,2025,9.2 [5.9-12.5],30.7 [20.5-42.6]
Turkey,2020,10.6 [7.9-13.9],34.7 [24.6-43.8]
Turkey,2015,12.4 [9.5-15.1],39.5 [31.6-49.6]
Turkey,2012,13.5 [11.0-16.5],42.7 [34.1-50.2]
Turkey,2010,14.4 [11.8-17.1],45.0 [36.6-52.9]
Turkey,2009,,
Turkey,2005,16.7 [13.5-19.8],51.5 [41.7-61.8]
Turkey,2003,,
Turkey,2000,19.7 [15.1-24.2],58.7 [44.8-71.7]
Tuvalu,2006,,
Uganda,2025,2.1 [1.0-3.3],11.8 [5.9-18.3]
Uganda,2020,2.4 [1.5-3.6],13.8 [8.4-20.2]
Uganda,2015,2.9 [1.9-3.9],16.4 [10.8-22.1]
Uganda,2012,3.2 [2.2-4.3],18.1 [13.0-23.6]
Uganda,2011,,
Uganda,2010,3.4 [2.4-4.3],19.3 [14.5-26.2]
Uganda,2007,,
Uganda,2005,4.0 [2.8-5.2],23.1 [16.7-30.5]
Uganda,2000,4.8 [3.3-6.6],27.5 [18.7-37.4]
Ukraine,2025,13.0 [8.5-17.4],43.6 [30.8-55.9]
Ukraine,2020,13.5 [10.3-17.4],46.3 [35.6-59.0]
Ukraine,2015,14.0 [11.0-17.1],49.4 [40.1-59.8]
Ukraine,2012,14.4 [11.4-17.0],51.4 [43.0-61.3]
Ukraine,2011,,
Ukraine,2010,14.6 [12.3-17.9],52.6 [44.1-63.2]
Ukraine,2005,15.1 [12.5-18.0],56.4 [47.0-66.1]
Ukraine,2000,15.9 [12.5-19.2],60.2 [49.2-72.9]
United Arab Emirates,2005,,
United Kingdom of Great Britain and Northern Ireland,2025,13.7 [8.4-19.7],15.0 [9.0-21.7]
United Kingdom of Great Britain and Northern Ireland,2020,15.9 [11.1-22.3],17.3 [12.4-23.5]
United Kingdom of Great Britain and Northern Ireland,2015,18.4 [14.0-23.7],19.9 [16.1-25.9]
United Kingdom of Great Britain and Northern Ireland,2012,20.1 [15.5-25.0],21.8 [17.6-27.2]
United Kingdom of Great Britain and Northern Ireland,2010,21.4 [17.1-26.5],23.0 [19.0-28.7]
United Kingdom of Great Britain and Northern Ireland,2005,24.7 [20.5-29.8],26.8 [21.9-32.0]
United Kingdom of Great Britain and Northern Ireland,2000,28.9 [22.7-35.1],31.3 [24.6-37.9]
United Republic of Tanzania,2025,3.2 [1.5-5.4],23.2 [12.6-37.7]
United Republic of Tanzania,2020,3.5 [1.9-5.5],25.1 [16.2-37.1]
United Republic of Tanzania,2015,3.8 [2.1-5.6],27.5 [19.7-36.9]
United Republic of Tanzania,2012,4.0 [2.4-6.0],29.2 [21.4-37.6]
United Republic of Tanzania,2010,4.1 [2.5-6.1],30.3 [22.3-38.7]
United Republic of Tanzania,2005,4.5 [2.4-6.7],33.8 [23.0-44.6]
United Republic of Tanzania,2000,4.9 [2.4-8.2],37.6 [23.6-52.9]
United States of America,2025,11.4 [8.2-14.9],15.4 [11.2-19.5]
United States of America,2020,13.0 [10.0-16.5],17.4 [13.6-21.2]
United States of America,2015,15.0 [12.1-18.1],19.5 [15.7-23.6]
United States of America,2012,16.3 [13.6-19.6],21.0 [17.1-24.6]
United States of America,2011,,
United States of America,2010,17.3 [14.5-20.3],22.0 [18.3-26.1]
United States of America,2009,,
United States of America,2005,19.9 [16.3-23.2],24.7 [20.8-29.1]
United States of America,2004,,
United States of America,2002,,
United States of America,2000,23.0 [18.5-27.3],27.7 [22.8-33.2]
Uruguay,2025,12.8 [8.0-17.3],18.3 [12.4-26.1]
Uruguay,2020,15.7 [11.1-20.9],22.0 [16.3-29.8]
Uruguay,2015,19.4 [15.2-24.5],26.7 [21.0-33.2]
Uruguay,2012,22.0 [17.6-26.4],30.0 [24.2-36.5]
Uruguay,2010,24.0 [19.2-28.7],32.3 [25.6-38.5]
Uruguay,2007,,
Uruguay,2005,29.6 [23.5-35.7],39.6 [31.6-47.3]
Uruguay,2000,36.7 [27.6-46.2],48.1 [37.2-59.0]
Uzbekistan,2025,1.2 [0.5-2.2],22.7 [9.1-36.9]
Uzbekistan,2020,1.2 [0.5-2.1],23.8 [12.5-37.4]
Uzbekistan,2015,1.3 [0.7-2.1],24.9 [16.3-36.9]
Uzbekistan,2012,1.3 [0.7-2.0],25.9 [16.8-36.7]
Uzbekistan,2010,1.4 [0.8-2.1],26.5 [18.7-36.0]
Uzbekistan,2005,1.5 [0.9-2.2],28.1 [20.3-38.0]
Uzbekistan,2000,1.5 [0.9-2.4],30.1 [20.7-43.1]
Vanuatu,2007,,
Venezuela (Bolivarian Republic of),2010,,
Venezuela (Bolivarian Republic of),1999,,
Viet Nam,2025,1.0 [0.5-1.5],45.6 [28.9-67.7]
Viet Nam,2020,1.1 [0.7-1.6],46.2 [32.8-62.2]
Viet Nam,2015,1.3 [0.9-1.6],47.1 [35.7-58.5]
Viet Nam,2012,1.4 [1.0-1.7],47.6 [38.3-57.2]
Viet Nam,2010,1.4 [1.1-1.7],48.3 [39.8-58.6]
Viet Nam,2007,,
Viet Nam,2005,1.6 [1.3-2.0],49.5 [38.3-58.5]
Viet Nam,2000,1.9 [1.4-2.4],51.1 [39.1-64.7]
Yemen,2014,,
Yemen,2008,,
Yemen,2003,,
Zambia,2025,3.9 [1.3-7.0],24.8 [11.2-41.5]
Zambia,2020,4.2 [2.0-7.2],25.5 [13.7-37.4]
Zambia,2015,4.6 [2.6-7.4],26.5 [16.8-36.8]
Zambia,2012,4.8 [2.6-7.1],27.3 [18.3-35.7]
Zambia,2011,,
Zambia,2010,5.0 [3.1-7.2],27.8 [20.5-36.2]
Zambia,2005,5.5 [3.7-7.6],29.3 [22.4-37.0]
Zambia,2000,6.1 [4.1-8.6],31.0 [23.6-40.5]
Zimbabwe,2025,1.7 [0.5-2.9],30.3 [16.0-46.9]
Zimbabwe,2020,1.9 [0.9-3.2],30.6 [19.1-43.8]
Zimbabwe,2015,2.1 [1.1-3.1],31.2 [22.5-40.6]
Zimbabwe,2012,2.3 [1.3-3.4],31.5 [24.2-40.6]
Zimbabwe,2010,2.4 [1.4-3.4],31.8 [24.1-39.4]
Zimbabwe,2005,2.7 [1.7-3.9],32.5 [24.8-40.1]
Zimbabwe,2000,3.1 [1.9-4.3],33.5 [24.5-43.5]
