"Country","Year","Estimated MDR-TB cases among notified pulmonary TB cases","New bacteriologically confirmed cases tested for RR-/MDR-TB (%)","Previously treated cases tested for RR-/MDR-TB (%)","Confirmed cases of RR-/MDR-TB","Cases started on MDR-TB treatment"
"Afghanistan","2014"," 1 100 [850- 1 400]","<0.1","8.5","88","88"
"Afghanistan","2013","","<0.1","1.7","73","49"
"Afghanistan","2012","","","2.0","38","38"
"Afghanistan","2011","","","","20","21"
"Afghanistan","2010","","1.8","2.6","19","0"
"Afghanistan","2008","","","","","0"
"Albania","2014","1.00 [0.00-4.00]","13","38","3.0","0"
"Albania","2013","","14","21","2.0","0"
"Albania","2012","","76","52","5.0","0"
"Albania","2011","","87","61","11","0"
"Albania","2010","","76","63","3.0","0"
"Albania","2009","","58","43","2.0","0"
"Albania","2008","",">100","69","2.0",""
"Albania","2007","","94","72","3.0",""
"Albania","2006","","71","14","1.0",""
"Albania","2005","","75","28","1.0",""
"Algeria","2014","170 [53-290]","7.1","32","65","56"
"Algeria","2010","","","","56","56"
"Algeria","2009","","","","","93"
"Algeria","2005","","9.1","23","74",""
"Andorra","2014","0.00 [0.00-0.00]",">100","100","2.0","0"
"Andorra","2013","","100","","1.0","0"
"Andorra","2012","",">100","","0","0"
"Andorra","2011","",">100","100","0","0"
"Andorra","2010","","100","","0","0"
"Andorra","2009","","67","50","0","0"
"Andorra","2008","","100","","0",""
"Andorra","2007","","100","0","0",""
"Andorra","2006","","100","0","0",""
"Andorra","2005","",">100","","0",""
"Angola","2014"," 1 500 [630- 2 500]","0.13","6.4","307","614"
"Angola","2013","","0","3.1","232","116"
"Angola","2012","","","1.0","45","45"
"Angola","2011","","0.13","","69","5.0"
"Angola","2010","","","","3.0","3.0"
"Angola","2009","","","","","0"
"Antigua and Barbuda","2014","0.00 [0.00-0.00]","0","","0","0"
"Antigua and Barbuda","2013","","0","0","0","0"
"Antigua and Barbuda","2012","","0","0","0","1.0"
"Antigua and Barbuda","2011","","0","0","0","0"
"Antigua and Barbuda","2010","","0","","0","0"
"Antigua and Barbuda","2009","","0","50","0","0"
"Antigua and Barbuda","2008","","","","","0"
"Argentina","2014","360 [240-480]","36","41","114","78"
"Argentina","2013","","27","54","85",""
"Argentina","2012","","","","63","63"
"Argentina","2011","","0","0","103","103"
"Argentina","2010","","","","109",""
"Argentina","2009","","","","89","0"
"Argentina","2008","","","","142","112"
"Argentina","2005","","46",">100","276",""
"Armenia","2014","160 [140-190]","96","17","111","120"
"Armenia","2013","","100","20","119","119"
"Armenia","2012","","94","23","104","101"
"Armenia","2011","","96","24","94","88"
"Armenia","2010","","87","22","182","154"
"Armenia","2009","",">100","37","165","134"
"Armenia","2008","","70","31","128",""
"Armenia","2007","","86","36","125",""
"Armenia","2006","","90","62","215",""
"Armenia","2005","","99","56","162",""
"Australia","2014","19.00000 [ 10.00000 - 29.00000 ]",">100","79","24","23"
"Australia","2013","",">100","72","26","22"
"Australia","2012","",">100","70","22","16"
"Australia","2011","","99","55","30","26"
"Australia","2010","",">100","74","35","36"
"Australia","2009","","","","37","26"
"Australia","2008","","","","21","19"
"Australia","2007","","","","27",""
"Australia","2005","","","","14",""
"Austria","2014","23 [12-34]","81","62","50","3.0"
"Austria","2013","",">100","68","16","4.0"
"Austria","2012","","93","62","27",""
"Austria","2011","","95","52","22",""
"Austria","2010","","97","55","16","15"
"Austria","2009","",">100","62","23",""
"Austria","2008","","","","16",""
"Austria","2007","",">100","13","9.0",""
"Austria","2006","",">100","61","10",""
"Austria","2005","",">100","62","16",""
"Azerbaijan","2014"," 1 300 [ 1 100- 1 500]",">100",">100"," 1 007","814"
"Azerbaijan","2013","","76","55"," 1 039","771"
"Azerbaijan","2012","","47","44","669","404"
"Azerbaijan","2011","","25","7.0","821","592"
"Azerbaijan","2010","","19","48","557","286"
"Azerbaijan","2007","","16","8.9","196",""
"Azerbaijan","2006","","28","12","398",""
"Azerbaijan","2005","","29","11","800",""
"Bahamas","2014","2.00 [0.00-5.00]","84","50","0","0"
"Bahamas","2013","","62","100","2.0","0"
"Bahamas","2012","","84","","3.0","1.0"
"Bahamas","2011","","97","50","6.0","1.0"
"Bahamas","2010","","95","100","5.0","0"
"Bahamas","2009","",">100","80","3.0","0"
"Bahamas","2008","","96","75","1.0","1.0"
"Bahamas","2007","","92","67","0",""
"Bahrain","2013","",">100","","6.0","0"
"Bahrain","2012","",">100","","4.0","0"
"Bahrain","2011","","99","","18","1.0"
"Bahrain","2010","","70","","0","0"
"Bahrain","2009","","15","","0","0"
"Bahrain","2008","","9.2","","0","0"
"Bahrain","2006","","2.0","","2.0",""
"Bahrain","2005","","2.0","","4.0",""
"Bangladesh","2014"," 4 800 [ 3 400- 6 200]","12","51","994","945"
"Bangladesh","2013","","0.42","50"," 1 024","684"
"Bangladesh","2012","","<0.1","15","901","513"
"Bangladesh","2011","","<0.1","10","519","390"
"Bangladesh","2010","","","4.3","351","339"
"Bangladesh","2009","","","","","352"
"Bangladesh","2008","","","","","107"
"Barbados","2014","0.00 [0.00-3.00]","100","","0","0"
"Barbados","2013","","0","","0","0"
"Barbados","2012","","0","","0","0"
"Barbados","2011","","","","0","0"
"Barbados","2010","","0","","0","0"
"Barbados","2009","","0","","0","0"
"Barbados","2008","","","","","0"
"Barbados","2007","","100","","8.0",""
"Belarus","2014"," 1 700 [ 1 600- 1 800]","97","84"," 1 282"," 1 903"
"Belarus","2013","","95","86"," 1 386"," 2 154"
"Belarus","2012","","90","84"," 1 604"," 2 478"
"Belarus","2011","","94","88"," 1 637"," 1 446"
"Belarus","2010","","90",">100"," 1 644","200"
"Belarus","2009","","96",">100"," 1 433",""
"Belarus","2008","","93",">100","923",""
"Belarus","2007","","94",">100","870",""
"Belarus","2006","","92",">100","651",""
"Belgium","2014","13.0 [4.0-22.0]","95","73","12","10"
"Belgium","2013","","95","64","15","12"
"Belgium","2012","","95","68","25","20"
"Belgium","2011","","94","59","17","15"
"Belgium","2010","","97","69","24","19"
"Belgium","2009","",">100","70","12",""
"Belgium","2008","",">100","72","22",""
"Belgium","2007","",">100","71","14",""
"Belgium","2006","",">100","68","23",""
"Belgium","2005","","89","60","13",""
"Belize","2014","19 [18-19]","6.1","12","0","1.0"
"Belize","2013","","8.0",">100","3.0","1.0"
"Belize","2012","","0","0","0","0"
"Belize","2011","","","","0","0"
"Belize","2010","","","","0","0"
"Belize","2009","","1.2","0","1.0","1.0"
"Belize","2008","","","","1.0",""
"Belize","2007","","","","1.0",""
"Belize","2005","","0","20","0",""
"Benin","2014","28.00 [0.00-60.00]","2.6","82","25","16"
"Benin","2013","","1.9","84","14","6.0"
"Benin","2012","","0.78","41","39","8.0"
"Benin","2011","","0","58","26","5.0"
"Benin","2010","","3.5","2.9","19","9.0"
"Benin","2009","","","35","19","7.0"
"Benin","2008","","0","60","4.0","3.0"
"Benin","2006","","2.5","25","21",""
"Benin","2005","","1.1","32","28",""
"Anguilla","2014","0.00 [0.00-0.00]","100","","0","0"
"Anguilla","2013","","","0","0","0"
"Anguilla","2012","","","","0","0"
"Anguilla","2011","","","","0","0"
"Anguilla","2010","","","","0","0"
"Bhutan","2014","37 [26-48]","84","62","61","122"
"Bhutan","2013","","44","29","65","49"
"Bhutan","2012","","12","2.5","16","11"
"Bhutan","2011","","13","37","22","21"
"Bhutan","2010","","24","37","20","17"
"Bhutan","2009","","1.6","11","15","11"
"Bhutan","2008","","1.8","0","7.0","7.0"
"Bhutan","2005","","0.65","5.9","2.0",""
"Bolivia (Plurinational State of)","2014","210 [120-290]","4.3","80","110","55"
"Bolivia (Plurinational State of)","2013","","6.1","49","96","47"
"Bolivia (Plurinational State of)","2012","","22","94","179","44"
"Bolivia (Plurinational State of)","2011","","1.7","94","83","41"
"Bolivia (Plurinational State of)","2010","","0","100","110","14"
"Bolivia (Plurinational State of)","2009","","","92","71","37"
"Bolivia (Plurinational State of)","2008","","","43","34","18"
"Bolivia (Plurinational State of)","2007","","0","","35",""
"Bolivia (Plurinational State of)","2006","","","","34",""
"Bolivia (Plurinational State of)","2005","","","","63",""
"Bosnia and Herzegovina","2014","2.00 [0.00-5.00]","100","55","4.0","3.0"
"Bosnia and Herzegovina","2013","","100","61","1.0","1.0"
"Bosnia and Herzegovina","2012","","97","55","7.0","0"
"Bosnia and Herzegovina","2011","","99","63","7.0","3.0"
"Bosnia and Herzegovina","2010","","100","47","2.0","6.0"
"Bosnia and Herzegovina","2009","",">100","58","2.0","0"
"Bosnia and Herzegovina","2008","","100",">100","12",""
"Bosnia and Herzegovina","2007","",">100","85","8.0",""
"Bosnia and Herzegovina","2006","","100","82","7.0",""
"Bosnia and Herzegovina","2005","","100","68","21",""
"Botswana","2014","160 [100-210]","0.45","6.4","41","73"
"Botswana","2013","","0.33","3.2","67","99"
"Botswana","2012","","13","13","71","58"
"Botswana","2011","","4.5","10","54","46"
"Botswana","2010","","11","27","122","114"
"Botswana","2009","","6.5","22","139","111"
"Botswana","2008","","14","27","126","79"
"Botswana","2007","","","","139",""
"Brazil","2014"," 1 800 [ 1 400- 2 100]","","","702","702"
"Brazil","2013","","1.6","1.7","706","717"
"Brazil","2012","","1.6","1.7","720","713"
"Brazil","2011","","<0.1","6.0","573","630"
"Brazil","2010","","<0.1","5.9","591","573"
"Brazil","2009","","","","449","398"
"Brazil","2008","","","","339","339"
"Brazil","2007","","0.82","7.6","992",""
"Brazil","2006","","","","399",""
"Brazil","2005","","","61","373",""
"Brunei Darussalam","2014","1.00 [0.00-4.00]","84","100","1.0","1.0"
"Brunei Darussalam","2013","",">100","100","1.0","0"
"Brunei Darussalam","2012","","100","100","0","0"
"Brunei Darussalam","2011","",">100","100","0","0"
"Brunei Darussalam","2010","","100","100","0","0"
"Brunei Darussalam","2009","","100","","1.0","0"
"Brunei Darussalam","2008","","","","","0"
"Brunei Darussalam","2007","",">100","17","0",""
"Bulgaria","2014","72 [53-91]","80","45","44","29"
"Bulgaria","2013","","73","43","37","19"
"Bulgaria","2012","","71","45","58","36"
"Bulgaria","2011","","62","41","65","42"
"Bulgaria","2010","","78","47","70","56"
"Bulgaria","2009","","62","33","64","43"
"Bulgaria","2008","","70","34","32",""
"Bulgaria","2007","","67","39","82",""
"Bulgaria","2006","","85","100","53",""
"Bulgaria","2005","","40",">100","47",""
"Burkina Faso","2014","170 [74-280]","0.16","48","53","34"
"Burkina Faso","2013","","0.14","39","59","41"
"Burkina Faso","2012","","0.20","19","44","26"
"Burkina Faso","2011","","<0.1","14","84","31"
"Burkina Faso","2010","","<0.1","21","31","25"
"Burkina Faso","2009","","<0.1","8.6","21","19"
"Burkina Faso","2008","","<0.1","0","16","16"
"Burkina Faso","2007","","<0.1","3.0","12",""
"Burkina Faso","2006","","0","0","6.0",""
"Burkina Faso","2005","","","39","3.0",""
"Burundi","2014","140 [42-240]","6.8","21","48","49"
"Burundi","2013","","6.5","0","59","68"
"Burundi","2012","","<0.1","7.5","24","36"
"Burundi","2011","","0","1.9","6.0","30"
"Burundi","2010","","0.48","0.60","24","24"
"Burundi","2009","","0","0","0","32"
"Burundi","2008","","0","0","17","17"
"Burundi","2007","","0","0","26",""
"CÃ´te d'Ivoire","2014","580 [250-900]","","48","471","313"
"CÃ´te d'Ivoire","2013","","2.1","74","379","61"
"CÃ´te d'Ivoire","2012","","0","26","372","0"
"CÃ´te d'Ivoire","2011","","<0.1","2.0","30","30"
"CÃ´te d'Ivoire","2010","","0","4.7","50","0"
"CÃ´te d'Ivoire","2009","","0","22","43","0"
"CÃ´te d'Ivoire","2008","","0","3.7","24","10"
"CÃ´te d'Ivoire","2005","","0","0","47",""
"Cabo Verde","2014","8.0 [4.0-13.0]","","","5.0","5.0"
"Cabo Verde","2013","","2.7","0","0","0"
"Cabo Verde","2012","","7.9","5.3","2.0","0"
"Cabo Verde","2011","","0","0","0","0"
"Cabo Verde","2010","","","","0","0"
"Cabo Verde","2009","","0","0","0","0"
"Cabo Verde","2008","","0","3.2","0","0"
"Cambodia","2014","520 [260-790]","5.3","67","110","110"
"Cambodia","2013","","2.4","74","121","121"
"Cambodia","2012","","0.13","22","156","110"
"Cambodia","2011","","<0.1","13","61","57"
"Cambodia","2010","","<0.1","5.7","32","38"
"Cambodia","2009","","","","2.0",""
"Cambodia","2008","","<0.1","6.3","31","30"
"Cambodia","2007","","0","3.6","16",""
"Cameroon","2014","630 [220- 1 000]","<0.1","55","126","91"
"Cameroon","2013","","<0.1","43","123","200"
"Cameroon","2012","","0","5.0","161","76"
"Cameroon","2011","","","","64","63"
"Cameroon","2010","","0","2.3","35","35"
"Cameroon","2009","","0","14","56","0"
"Canada","2013","",">100","79","17","16"
"Canada","2012","",">100","69","9.0","8.0"
"Canada","2011","","","","21","18"
"Canada","2010","",">100","71","15","15"
"Canada","2009","",">100","74","20","18"
"Canada","2008","",">100","75","14","10"
"Canada","2007","",">100","77","10",""
"Canada","2006","",">100","85","16",""
"Canada","2005","",">100","","22",""
"Central African Republic","2014","74.00 [0.00-180.00]","1.8","0","40","21"
"Central African Republic","2013","","0","9.4","20","20"
"Central African Republic","2012","","","","28","6.0"
"Central African Republic","2011","","0","16","18","0"
"Central African Republic","2010","","0.25","0","9.0","0"
"Central African Republic","2009","","4.4","3.3","7.0","0"
"Central African Republic","2008","","5.3","5.6","12","0"
"Chad","2014","310 [120-500]","0","26","22","12"
"Chad","2013","","<0.1","","2.0","0"
"Chad","2012","","0","0","0","0"
"Chad","2011","","0","0","0","0"
"Chad","2010","","0","0","3.0","0"
"Chad","2009","","","","","0"
"Chad","2008","","","","","0"
"Chile","2014","23 [11-34]","76","70","23","10"
"Chile","2013","","13","75","25","14"
"Chile","2012","","8.4","74","24","8.0"
"Chile","2011","","4.8",">100","20","7.0"
"Chile","2010","","4.4",">100","26","9.0"
"Chile","2009","","3.7","72","27","11"
"Chile","2008","","<0.1","91","7.0","5.0"
"Chile","2007","","6.7",">100","7.0",""
"Chile","2006","","6.6","65","7.0",""
"Chile","2005","","3.2","72","6.0",""
"China","2014"," 52 000 [ 42 000- 61 000]","19","54"," 5 807"," 2 846"
"China","2013","","11","32"," 4 183"," 2 184"
"China","2012","","4.3","13"," 3 891"," 1 906"
"China","2011","","2.6",""," 1 686"," 1 155"
"China","2010","","",""," 2 792"," 1 222"
"China","2009","","","","474","458"
"China","2007","","<0.1","0.21","79",""
"China","2006","","0","<0.1","2.0",""
"Colombia","2014","360 [260-450]","49","48","187","173"
"Colombia","2013","","68","22","165","152"
"Colombia","2012","","32","44","138","76"
"Colombia","2011","","36","57","123","108"
"Colombia","2010","","17","57","143","152"
"Colombia","2009","","4.7","79","127","90"
"Colombia","2008","","9.7",">100","91","91"
"Colombia","2007","","2.5","79","111",""
"Colombia","2006","","3.1","32","39",""
"Comoros","2014","3.0 [1.0-5.0]","0","0","0","0"
"Comoros","2013","","0","0","0","0"
"Comoros","2012","","","","0","0"
"Comoros","2011","","","","0","0"
"Comoros","2009","","0","0","0","0"
"Comoros","2008","","0","0","2.0","2.0"
"Congo","2014","200 [57-350]","",">100","24","0"
"Congo","2013","","2.2","0","15",""
"Congo","2009","","","","","0"
"Cook Islands","2014","0.00 [0.00-2.00]","0","","0","0"
"Cook Islands","2013","","100","","1.0","0"
"Cook Islands","2012","","","100","1.0","1.0"
"Cook Islands","2011","","0","","0","0"
"Cook Islands","2010","","","","0","0"
"Cook Islands","2009","","0","","0","0"
"Cook Islands","2008","","","","","0"
"Costa Rica","2014","7.00 [0.00-13.00]","0","5.3","1.0","1.0"
"Costa Rica","2013","","3.0","0","4.0","1.0"
"Costa Rica","2012","","95","100","4.0","0"
"Costa Rica","2011","","9.6","62","1.0","0"
"Costa Rica","2010","","64","","3.0",""
"Costa Rica","2009","","","","","0"
"Costa Rica","2008","","0",">100","0","0"
"Costa Rica","2007","","","","1.0",""
"Costa Rica","2006","","","100","4.0",""
"Costa Rica","2005","","0.49","2.2","3.0",""
"Croatia","2014","2.00 [0.00-6.00]","79","81","2.0","3.0"
"Croatia","2013","","83","54","0",""
"Croatia","2012","","100","78","1.0",""
"Croatia","2011","","96","","10","2.0"
"Croatia","2010","","","","0",""
"Croatia","2009","",">100","66","14",""
"Croatia","2008","","","","4.0",""
"Croatia","2007","","0.87","2.0","7.0",""
"Croatia","2006","",">100","77","3.0",""
"Croatia","2005","",">100","65","9.0",""
"Cuba","2014","7.00 [0.00-14.00]","66","86","10","10"
"Cuba","2013","","57","79","9.0","3.0"
"Cuba","2012","","61","85","13","8.0"
"Cuba","2011","","60",">100","19","10"
"Cuba","2010","","36","55","11","1.0"
"Cuba","2009","","38","37","8.0",""
"Cuba","2008","","41","55","10","10"
"Cuba","2007","","27","24","3.0",""
"Cuba","2006","","42","10","0",""
"Cuba","2005","","32","39","2.0",""
"Cyprus","2014","3.0 [3.0-3.0]","55","33","0",""
"Cyprus","2013","","88","100","1.0",""
"Cyprus","2012","","93","33","0",""
"Cyprus","2011","","96","67","1.0",""
"Cyprus","2010","","65","","0","0"
"Cyprus","2009","","96","67","4.0",""
"Cyprus","2008","",">100","100","1.0",""
"Cyprus","2007","","100","100","3.0",""
"Cyprus","2006","",">100","0","0",""
"Cyprus","2005","","84","0","1.0",""
"Czech Republic","2014","0.00 [0.00-0.00]","99","45","8.0","5.0"
"Czech Republic","2013","","90","33","0","0"
"Czech Republic","2012","","93","65","5.0","4.0"
"Czech Republic","2011","","96","53","13","7.0"
"Czech Republic","2010","","95","61","21","9.0"
"Czech Republic","2009","",">100","63","11",""
"Czech Republic","2008","",">100","61","11",""
"Czech Republic","2007","",">100","56","11",""
"Czech Republic","2006","",">100","47","9.0",""
"Czech Republic","2005","",">100","59","14",""
"Democratic People's Republic of Korea","2014"," 3 800 [ 2 200- 5 500]","0.23","2.3","197","212"
"Democratic People's Republic of Korea","2013","","0","1.3","244","170"
"Democratic People's Republic of Korea","2012","","","0.22","25","50"
"Democratic People's Republic of Korea","2011","","","0.32","38","25"
"Democratic People's Republic of Korea","2009","","","","","0"
"Democratic People's Republic of Korea","2008","","","","","0"
"Democratic Republic of the Congo","2014"," 2 800 [980- 4 500]","0.72","75","442","436"
"Democratic Republic of the Congo","2013","","0.48","14","272","147"
"Democratic Republic of the Congo","2012","","<0.1","1.4","110","262"
"Democratic Republic of the Congo","2011","","<0.1","2.0","140","128"
"Democratic Republic of the Congo","2010","","","1.2","88","191"
"Democratic Republic of the Congo","2009","","","1.3","190","176"
"Democratic Republic of the Congo","2008","","<0.1","2.5","128","128"
"Democratic Republic of the Congo","2007","","<0.1","1.8","82",""
"Democratic Republic of the Congo","2006","","","1.2","1.0",""
"Denmark","2014","3.00 [0.00-6.00]","98","67","1.0",""
"Denmark","2013","","96","77","2.0",""
"Denmark","2012","","98","81","2.0","1.0"
"Denmark","2011","","100","64","3.0",""
"Denmark","2010","","98","80","2.0","2.0"
"Denmark","2009","",">100","76","2.0",""
"Denmark","2008","",">100","76","2.0",""
"Denmark","2007","",">100","58","2.0",""
"Denmark","2006","",">100","63","3.0",""
"Denmark","2005","",">100","62","5.0",""
"Djibouti","2014","48 [20-75]","20","16","110","60"
"Djibouti","2013","",">100","","160","1.0"
"Djibouti","2012","","","","96","65"
"Djibouti","2011","","","","0",""
"Djibouti","2010","","","","","7.0"
"Djibouti","2009","","","","","0"
"Djibouti","2005","","0","0","39",""
"Dominica","2014","0.00 [0.00-0.00]","","","0","0"
"Dominica","2013","","100","","1.0","1.0"
"Dominica","2012","","80","100","0","1.0"
"Dominica","2011","","50","100","0","0"
"Dominica","2010","","12","","0","0"
"Dominica","2009","","","","","0"
"Dominica","2008","","","","","0"
"Dominican Republic","2014","150 [95-210]","9.1","31","93","127"
"Dominican Republic","2013","","2.2","33","105","126"
"Dominican Republic","2012","","3.1","35","98","109"
"Dominican Republic","2011","","0.42","15","117","107"
"Dominican Republic","2010","","1.4","20","111","114"
"Dominican Republic","2009","","0","0","0","93"
"Dominican Republic","2008","","","","12","71"
"Dominican Republic","2006","","","","24",""
"Ecuador","2014","310 [250-380]","28",">100","451","179"
"Ecuador","2013","","1.5","23","117","95"
"Ecuador","2012","","13",">100","249","196"
"Ecuador","2011","","36",">100","382","283"
"Ecuador","2010","","10","88","195","228"
"Ecuador","2009","","","","156","452"
"Ecuador","2008","","3.1","70","155","210"
"Ecuador","2007","","4.0","69","275",""
"Ecuador","2005","","3.2","63","253",""
"Egypt","2014","250 [180-320]","1.2","60","86","72"
"Egypt","2013","","0.84","80","119","57"
"Egypt","2012","","0.59","72","136","52"
"Egypt","2011","","0.70","74","191","71"
"Egypt","2010","","","","","48"
"Egypt","2009","","0.95",">100","253","73"
"Egypt","2008","","0.82","100","96","71"
"Egypt","2007","","5.9","86","277",""
"Egypt","2006","","0.93","21","119",""
"El Salvador","2014","6.00 [0.00-16.00]","54","82","15","15"
"El Salvador","2013","","14","22","14","4.0"
"El Salvador","2012","","20","74","10","10"
"El Salvador","2011","","22","83","6.0","4.0"
"El Salvador","2010","","0","2.2","2.0","2.0"
"El Salvador","2009","","7.0","75","4.0","2.0"
"El Salvador","2008","","1.1","95","6.0","5.0"
"El Salvador","2007","","49","94","1.0",""
"El Salvador","2006","","0","","2.0",""
"El Salvador","2005","","1.1","12","14",""
"Equatorial Guinea","2014","28 [20-36]","0.29","5.5","7.0","4.0"
"Equatorial Guinea","2011","","","","6.0","2.0"
"Equatorial Guinea","2010","","0","0","0","0"
"Equatorial Guinea","2009","","","","","0"
"Equatorial Guinea","2008","","0.16","0","5.0","1.0"
"Eritrea","2014","52 [21-82]","","","22","24"
"Eritrea","2013","","0","9.2","17","35"
"Eritrea","2012","","","","0","23"
"Eritrea","2011","","","","11","42"
"Estonia","2014","62 [48-75]",">100","71","50","48"
"Estonia","2013","",">100","72","54","40"
"Estonia","2012","","100","82","67","54"
"Estonia","2011","","100","69","79","75"
"Estonia","2010","","98","79","67","63"
"Estonia","2009","","100","74","87","86"
"Estonia","2008","",">100","83","74",""
"Estonia","2007","",">100","83","81",""
"Estonia","2006","",">100","83","52",""
"Estonia","2005","",">100","76","79",""
"Ethiopia","2014"," 1 300 [700- 2 300]","6.0","","503","557"
"Ethiopia","2013","","0.48","","558","413"
"Ethiopia","2012","","0.99","4.4","294","289"
"Ethiopia","2011","","0.15","3.0","216","199"
"Ethiopia","2010","","<0.1","10","142","120"
"Ethiopia","2009","","<0.1","8.4","241","88"
"Ethiopia","2008","","","","130",""
"Ethiopia","2007","","<0.1","10","145",""
"Fiji","2014","0.00 [0.00-0.00]","11","7.5","1.0","0"
"Fiji","2013","","14","17","0","0"
"Fiji","2012","","9.1","7.7","0","0"
"Fiji","2011","","17","0","0","0"
"Fiji","2010","","4.5","33","0","0"
"Fiji","2009","","0","100","0","0"
"Fiji","2007","","3.5","0","0",""
"Fiji","2006","","59","100","0",""
"Finland","2014","7.0 [1.0-14.0]",">100","38","8.0","9.0"
"Finland","2013","",">100","38","2.0","2.0"
"Finland","2012","","99","78","3.0","3.0"
"Finland","2011","","97","67","5.0",""
"Finland","2010","","98","67","7.0","6.0"
"Finland","2009","",">100","46","4.0",""
"Finland","2008","",">100","47","1.0",""
"Finland","2007","",">100","57","2.0",""
"Finland","2006","",">100","79","2.0",""
"Finland","2005","","85","100","4.0",""
"France","2014","56 [34-77]",">100",">100","111","111"
"France","2013","",">100",">100","83","83"
"France","2012","","","","40","39"
"France","2011","","72","42","43","40"
"France","2010","","68","29","28",""
"France","2009","",">100","30","34","30"
"France","2008","",">100","27","27",""
"France","2007","","43","26","20",""
"France","2006","","49","32","30",""
"France","2005","","47","30","26",""
"Gabon","2014","210 [100-310]","2.7","0.22","59","0"
"Gabon","2013","","","","8.0","0"
"Gabon","2012","","","","0","0"
"Gabon","2010","","","","0","0"
"Gambia","2014","11.00 [0.00-41.00]","0","86","15","9.0"
"Gambia","2013","","0","71","0","0"
"Gambia","2012","","0","0","0","0"
"Gambia","2011","","","","0","0"
"Gambia","2010","","","","0","0"
"Gambia","2009","","0","0","0","0"
"Gambia","2008","","0","100","0","0"
"Gambia","2007","","0","83","0",""
"Gambia","2006","","<0.1","28","1.0",""
"Georgia","2014","640 [590-700]","95","61","441","501"
"Georgia","2013","","96","45","406","526"
"Georgia","2012","","84","45","361","665"
"Georgia","2011","","83","52","507","737"
"Georgia","2010","","80","40","369","618"
"Georgia","2009","","76",">100","384","266"
"Georgia","2008","","77","43","481",""
"Georgia","2007","","69","30","269",""
"Georgia","2006","","71","30","266",""
"Georgia","2005","","53","24","195",""
"Germany","2014","140 [74-210]","10","42","90",""
"Germany","2013","","25","45","112","98"
"Germany","2012","","93","51","70","63"
"Germany","2011","","92","49","62","52"
"Germany","2010","","92","52","60","48"
"Germany","2009","",">100","54","70",""
"Germany","2008","",">100","50","45",""
"Germany","2007","",">100","46","66",""
"Germany","2006","",">100","59","78",""
"Germany","2005","","98","51","118",""
"Ghana","2014","400 [160-640]","4.3",">100","93","14"
"Ghana","2013","","0","70","65","26"
"Ghana","2012","","0","5.3","20","2.0"
"Ghana","2011","","0","6.9","9.0","2.0"
"Ghana","2010","","","2.1","6.0","3.0"
"Ghana","2009","","","","","0"
"Ghana","2008","","0","13","2.0","0"
"Ghana","2007","","0","","7.0",""
"Ghana","2005","","0.62","0.38","1.0",""
"Greece","2014","9.00 [0.00-22.00]","34","34","4.0",""
"Greece","2013","","50","37","19","18"
"Greece","2012","","0","0","0",""
"Greece","2011","","44","31","6.0",""
"Greece","2010","","26","25","2.0","2.0"
"Greece","2009","","46","30","13",""
"Greece","2007","",">100","2.9","14",""
"Greece","2006","",">100","0","13",""
"Greece","2005","",">100","0","12",""
"Grenada","2014","0.00 [0.00-0.00]","","","0","0"
"Grenada","2013","","","","0",""
"Grenada","2012","","","","0","0"
"Grenada","2011","","","","0","0"
"Grenada","2010","","","","0",""
"Grenada","2009","","","","","0"
"Guatemala","2014","130 [95-170]","17","69","62","42"
"Guatemala","2013","","0.18","54","51","28"
"Guatemala","2012","","1.4","37","79","39"
"Guatemala","2011","","0","17","27","27"
"Guatemala","2010","","","9.9","18","15"
"Guatemala","2009","","8.0",">100","414","28"
"Guatemala","2008","","3.5","18","27","13"
"Guatemala","2007","","0","0","23",""
"Guatemala","2005","","0.83","25","40",""
"Guinea","2014","230 [80-380]","1.8","38","105","124"
"Guinea","2013","","0.10","12","167","48"
"Guinea","2012","","","","69","15"
"Guinea","2011","","0.12","3.9","78","10"
"Guinea","2010","","<0.1","4.0","31","31"
"Guinea","2009","","<0.1","11","70","54"
"Guinea","2008","","0","0","72","28"
"Guinea","2007","","0.12","5.2","37",""
"Guinea","2006","","1.6","5.7","25",""
"Guinea","2005","","3.9","7.4","20",""
"Guinea-Bissau","2014","45 [11-79]","5.4",">100","25","17"
"Guinea-Bissau","2013","","6.3","67","15","15"
"Guinea-Bissau","2012","","","","18","9.0"
"Guinea-Bissau","2011","","","","2.0","2.0"
"Guinea-Bissau","2009","","","","","0"
"Guinea-Bissau","2008","","","","","0"
"Guyana","2014","28 [18-38]","2.1","27","4.0","4.0"
"Guyana","2013","","0.97","3.0","3.0","1.0"
"Guyana","2012","","0.97","0.41","2.0","9.0"
"Guyana","2011","","0.62","24","7.0","1.0"
"Guyana","2010","","0","0","14",""
"Guyana","2009","","0","","0",""
"Guyana","2008","","7.3","9.4","0","0"
"Guyana","2007","","0","10","8.0",""
"Haiti","2014","450 [260-640]","","7.9","91","91"
"Haiti","2013","","","21","101","81"
"Haiti","2012","","","14","81","62"
"Haiti","2011","","","","86","64"
"Haiti","2010","","<0.1","10","41","46"
"Haiti","2008","","0","12","43","43"
"Haiti","2007","","0","0","39",""
"Haiti","2005","","0.72","","",""
"Honduras","2014","63 [30-96]","6.5","43","12","12"
"Honduras","2013","","6.9","68","6.0","4.0"
"Honduras","2012","","2.1","42","6.0","6.0"
"Honduras","2011","","1.5","34","11","5.0"
"Honduras","2010","","3.1","32","11","14"
"Honduras","2009","","1.4","19","4.0","5.0"
"Honduras","2008","","0","61","10","10"
"Honduras","2007","","0","41","4.0",""
"Honduras","2005","","0.13","0","3.0",""
"Hungary","2014","26 [14-37]",">100","35","11","9.0"
"Hungary","2013","","95","77","11","10"
"Hungary","2012","","80","37","14","12"
"Hungary","2011","","73","31","34",""
"Hungary","2010","","87","32","21","19"
"Hungary","2009","","62","24","20",""
"Hungary","2008","","84","36","16",""
"Hungary","2007","","70","26","11",""
"Hungary","2006","","68","24","14",""
"Hungary","2005","","62","25","26",""
"Iceland","2014","0.00 [0.00-0.00]",">100","100","0","0"
"Iceland","2013","","100","","0",""
"Iceland","2012","","100","100","1.0","1.0"
"Iceland","2011","","80","0","0","0"
"Iceland","2010","","95","","0","0"
"Iceland","2009","",">100","100","0",""
"Iceland","2008","",">100","","1.0",""
"Iceland","2007","",">100","50","1.0",""
"Iceland","2006","",">100","","0",""
"Iceland","2005","",">100","100","0",""
"India","2014"," 71 000 [ 57 000- 85 000]","1.7","69"," 25 748"," 24 073"
"India","2013","","",""," 23 162"," 21 093"
"India","2012","","",""," 17 253"," 14 117"
"India","2011","","",""," 4 297"," 3 378"
"India","2010","","",""," 3 288"," 2 182"
"India","2009","","","1.2"," 1 699"," 1 136"
"India","2008","","0","0.52","308","190"
"India","2007","","0","0.15","146",""
"India","2006","","","","33",""
"India","2005","","","","34",""
"Indonesia","2014"," 6 800 [ 5 200- 8 400]","0.55","88"," 1 812"," 1 284"
"Indonesia","2013","","<0.1","39","912","809"
"Indonesia","2012","","<0.1","13","649","426"
"Indonesia","2011","","<0.1","9.0","408","260"
"Indonesia","2010","","0","4.9","190","142"
"Indonesia","2009","","","","","20"
"Indonesia","2008","","","","446",""
"Indonesia","2006","","","","59",""
"Iran (Islamic Republic of)","2014","130 [79-180]","20","35","48","53"
"Iran (Islamic Republic of)","2013","","9.5","35","68","59"
"Iran (Islamic Republic of)","2012","","6.8","27","84","62"
"Iran (Islamic Republic of)","2011","","13","36","126","38"
"Iran (Islamic Republic of)","2010","","4.7","22","115","73"
"Iran (Islamic Republic of)","2009","","","","","38"
"Iran (Islamic Republic of)","2008","","4.3","21","19","19"
"Iran (Islamic Republic of)","2007","","8.2","32","43",""
"Iran (Islamic Republic of)","2006","","9.0","19","28",""
"Iran (Islamic Republic of)","2005","","4.5","9.6","27",""
"Iraq","2014","160 [110-210]","38","37","196","58"
"Iraq","2013","",">100","61","167","84"
"Iraq","2012","","11","97","72","66"
"Iraq","2011","","","29","88","50"
"Iraq","2010","","0","24","145","50"
"Iraq","2009","","0","22","105","72"
"Iraq","2008","","0","25","63","63"
"Iraq","2007","","0","6.1","9.0",""
"Iraq","2006","","","","20",""
"Ireland","2014","3.00 [0.00-7.00]",">100","68","2.0","2.0"
"Ireland","2013","","93","50","5.0","4.0"
"Ireland","2012","","97","68","5.0","5.0"
"Ireland","2011","","92","54","3.0","3.0"
"Ireland","2010","","96","73","4.0","2.0"
"Ireland","2009","",">100","58","1.0",""
"Ireland","2008","","93","20","3.0",""
"Ireland","2007","","60","29","5.0",""
"Ireland","2006","","66","29","3.0",""
"Ireland","2005","",">100","25","3.0",""
"Israel","2014","20 [11-30]",">100","67","17","17"
"Israel","2013","",">100","50","8.0","8.0"
"Israel","2012","","98","55","17","17"
"Israel","2011","","99","90","12","11"
"Israel","2010","",">100","50","18","12"
"Israel","2009","",">100","89","6.0","7.0"
"Israel","2008","",">100","75","13",""
"Israel","2007","",">100","75","14",""
"Israel","2006","",">100","20","19",""
"Israel","2005","",">100","86","16",""
"Italy","2014","","","","93",""
"Italy","2013","","70",">100","97",""
"Italy","2012","","67",">100","99",""
"Italy","2011","","92",">100","81",""
"Italy","2010","","64",">100","116",""
"Italy","2009","","91",">100","101","0"
"Italy","2008","",">100","57","71",""
"Italy","2007","","48","4.5","56",""
"Italy","2006","","45","","28",""
"Italy","2005","","27","27","26",""
"Jamaica","2014","2.00 [0.00-6.00]","100","100","0","0"
"Jamaica","2013","","100","0","1.0","0"
"Jamaica","2012","","76","17","0","0"
"Jamaica","2011","","64","25","1.0","1.0"
"Jamaica","2010","","31","26","1.0","1.0"
"Jamaica","2009","","87","","1.0","0"
"Jamaica","2008","","100","0","0","0"
"Jamaica","2007","","0","","0",""
"Jamaica","2006","","33","20","0",""
"Jamaica","2005","","19","40","0",""
"Japan","2014","190 [140-250]","65","41","81","56"
"Japan","2013","","57","34","64",""
"Japan","2012","","66","44","79","60"
"Japan","2011","","51","40","86","60"
"Japan","2010","","54","39","95",""
"Japan","2009","","","","","0"
"Japan","2007","","30","26","58",""
"Jordan","2014","21.0 [7.0-35.0]","62","15","9.0","9.0"
"Jordan","2013","",">100","0","14","14"
"Jordan","2012","","93","32","15","16"
"Jordan","2011","","30","33","4.0","4.0"
"Jordan","2010","","63","39","10","10"
"Jordan","2009","","87","35","8.0","9.0"
"Jordan","2008","","56",">100","6.0","6.0"
"Jordan","2007","","45",">100","5.0",""
"Jordan","2006","","64",">100","14",""
"Jordan","2005","","97",">100","19",""
"Kazakhstan","2014"," 4 900 [ 4 800- 5 000]",">100",">100"," 5 877"," 7 315"
"Kazakhstan","2013","","96","99"," 6 411"," 6 776"
"Kazakhstan","2012","",">100",">100"," 8 123"," 7 213"
"Kazakhstan","2011","","83","80"," 7 467"," 5 261"
"Kazakhstan","2010","",">100","51"," 7 692"," 5 705"
"Kazakhstan","2009","","64","47"," 3 926"," 3 209"
"Kazakhstan","2008","","28","48"," 3 676",""
"Kazakhstan","2007","",">100","53"," 5 568",""
"Kazakhstan","2006","",">100","53"," 4 117",""
"Kenya","2014"," 2 500 [ 1 200- 3 800]","50","85","644","544"
"Kenya","2013","","0.37","22","160","290"
"Kenya","2012","","0.25","13","260","202"
"Kenya","2011","","0.25","12","392","156"
"Kenya","2010","","","6.7","249","118"
"Kenya","2009","","0","18","184","140"
"Kenya","2008","","0","48","102","28"
"Kenya","2007","","0","42","82",""
"Kenya","2006","","0","10","89",""
"Kenya","2005","","0","20","44",""
"Kiribati","2014","22 [15-29]","0","79","0","0"
"Kiribati","2013","","0","0","0","0"
"Kiribati","2012","","0","0","0","0"
"Kiribati","2011","","","","0","0"
"Kiribati","2010","","0","0","0","0"
"Kiribati","2009","","","","","0"
"Kiribati","2008","","","","","0"
"Kiribati","2005","","0.81","","1.0",""
"Kuwait","2014","11.0 [3.0-19.0]",">100","100","9.0","9.0"
"Kuwait","2013","",">100","","5.0","5.0"
"Kuwait","2012","","0","","4.0","4.0"
"Kuwait","2011","","100","","0","0"
"Kuwait","2010","","100","0","6.0","5.0"
"Kuwait","2009","","100","100","9.0","9.0"
"Kuwait","2008","",">100","100","8.0","8.0"
"Kuwait","2007","",">100","100","8.0",""
"Kuwait","2006","",">100","","10",""
"Kuwait","2005","",">100","100","6.0",""
"Kyrgyzstan","2014"," 2 000 [ 1 800- 2 100]","",""," 1 267"," 1 157"
"Kyrgyzstan","2013","",">100","74"," 1 191"," 1 064"
"Kyrgyzstan","2012","","99","78"," 1 755","775"
"Kyrgyzstan","2011","","","","928","492"
"Kyrgyzstan","2010","","14","27","575","566"
"Kyrgyzstan","2009","","42","35","826","545"
"Kyrgyzstan","2008","","9.1","43","269",""
"Kyrgyzstan","2007","","59","19","322",""
"Kyrgyzstan","2006","","52","17","336",""
"Kyrgyzstan","2005","","20","18","989",""
"Lao People's Democratic Republic","2014","230 [160-300]","23","24","24","25"
"Lao People's Democratic Republic","2013","","2.9","52","7.0","4.0"
"Lao People's Democratic Republic","2012","","0.46","23","13","9.0"
"Lao People's Democratic Republic","2011","","","","4.0","2.0"
"Lao People's Democratic Republic","2010","","","","2.0","2.0"
"Lao People's Democratic Republic","2008","","","","","0"
"Latvia","2014","84 [66-100]","99","86","71","70"
"Latvia","2013","","100","85","82","79"
"Latvia","2012","","97","88","114","110"
"Latvia","2011","","96","85","109","103"
"Latvia","2010","","96","94","88","87"
"Latvia","2009","",">100","91","133","124"
"Latvia","2008","",">100","95","129",""
"Latvia","2007","",">100","94","98",""
"Latvia","2006","",">100","93","143",""
"Latvia","2005","",">100","89","160",""
"Lebanon","2014","10.00 [0.00-20.00]","98",">100","10","5.0"
"Lebanon","2013","","9.3","88","10","8.0"
"Lebanon","2012","","4.2","67","7.0","6.0"
"Lebanon","2011","","9.6","100","3.0","2.0"
"Lebanon","2010","","2.1",">100","7.0","7.0"
"Lebanon","2009","","7.8","100","5.0","6.0"
"Lebanon","2008","","4.3","100","3.0","2.0"
"Lebanon","2007","","5.6",">100","2.0",""
"Lebanon","2006","","5.4",">100","4.0",""
"Lebanon","2005","","37","100","3.0",""
"Lesotho","2014","340 [260-420]","18","5.1","148","152"
"Lesotho","2013","","2.5","4.9","145","163"
"Lesotho","2012","","0.49","4.7","100","189"
"Lesotho","2011","","","","82","148"
"Lesotho","2010","","","","117","117"
"Lesotho","2009","","","","","429"
"Liberia","2014","40 [12-68]","","","0","0"
"Liberia","2013","","3.5","25","37","14"
"Liberia","2012","","","","6.0","0"
"Liberia","2010","","0","0","0","12"
"Liberia","2009","","","","","5.0"
"Liberia","2008","","","","","0"
"Libya","2014","31 [24-39]","","","","0"
"Libya","2011","","","","2.0","2.0"
"Libya","2009","","","","","3.0"
"Libya","2008","","0.46","","7.0",""
"Libya","2007","","<0.1","","1.0",""
"Libya","2005","","0.47","","8.0",""
"Lithuania","2014","300 [270-340]",">100","100","279","271"
"Lithuania","2013","",">100","100","273","256"
"Lithuania","2012","","100","100","285","271"
"Lithuania","2011","","100","100","592","296"
"Lithuania","2010","","100","100","315","310"
"Lithuania","2009","",">100","100","330","322"
"Lithuania","2008","",">100","100","276",""
"Lithuania","2007","",">100","100","314",""
"Lithuania","2006","",">100","96","332",""
"Lithuania","2005","",">100","96","342",""
"Luxembourg","2014","0.00 [0.00-0.00]",">100","","2.0","2.0"
"Luxembourg","2013","",">100","","0","0"
"Luxembourg","2012","","","100","0","0"
"Luxembourg","2011","","","100","3.0","1.0"
"Luxembourg","2010","","100","","0","0"
"Luxembourg","2009","","","","0",""
"Luxembourg","2007","",">100","","32",""
"Luxembourg","2006","",">100","","0",""
"Luxembourg","2005","",">100","","0",""
"Madagascar","2014","200.0 [5.0-380.0]","0","21","27","11"
"Madagascar","2013","","0.81","11","26","12"
"Madagascar","2012","","<0.1","3.2","12","5.0"
"Madagascar","2011","","<0.1","2.9","10","0"
"Madagascar","2010","","0.36","1.1","3.0","0"
"Madagascar","2009","","0.27","1.1","8.0","0"
"Madagascar","2008","","","7.3","6.0","0"
"Madagascar","2007","","0.67","1.6","5.0",""
"Madagascar","2006","","0.34","2.0","6.0",""
"Malawi","2014","140 [86-200]","0.72","31","106","64"
"Malawi","2013","","1.5","20","91","21"
"Malawi","2012","","0","3.3","36","26"
"Malawi","2011","","1.5","26","34","16"
"Malawi","2010","","10","20","88","39"
"Malawi","2009","","0","1.4","6.0","6.0"
"Malawi","2008","","0","34","16","10"
"Malawi","2007","","0","31","12",""
"Malawi","2006","","","29","8.0",""
"Malawi","2005","","","29","9.0",""
"Malaysia","2014","99 [57-140]","37","16","319","60"
"Malaysia","2013","","23","11","277","49"
"Malaysia","2012","","","","174","74"
"Malaysia","2011","","","","226","141"
"Malaysia","2010","","","","115","64"
"Malaysia","2009","","","","108","0"
"Malaysia","2008","","","","56","56"
"Malaysia","2007","","","","41",""
"Malaysia","2006","","","","42",""
"Malaysia","2005","",">100",">100","1.0",""
"Maldives","2014","2.0 [2.0-2.0]","3.3","","0","0"
"Maldives","2013","","6.2","100","0","0"
"Maldives","2012","","0","0","0","0"
"Maldives","2011","","0","0","0","4.0"
"Maldives","2010","","0","0","0","0"
"Maldives","2009","","","","","0"
"Maldives","2008","","","","3.0","3.0"
"Maldives","2007","","3.4","0","1.0",""
"Maldives","2006","","1.9","80","5.0",""
"Mali","2014","130 [51-210]","7.7","3.6","40","33"
"Mali","2013","","0","2.0","12","18"
"Mali","2012","","0.62","13","12","40"
"Mali","2011","","","","10","32"
"Mali","2010","","0","3.4","12","18"
"Mali","2009","","0.27","3.3","24","0"
"Mali","2008","","0","3.9","7.0","7.0"
"Mali","2007","","","1.4","11",""
"Mali","2005","","0","0","2.0",""
"Malta","2014","0.00 [0.00-0.00]",">100","100","0","0"
"Malta","2013","","87","","2.0","0"
"Malta","2012","","81","100","0","0"
"Malta","2011","","89","0","0","0"
"Malta","2010","","100","67","1.0","1.0"
"Malta","2009","",">100","0","0",""
"Malta","2008","",">100","43","1.0",""
"Malta","2007","",">100","0","1.0",""
"Malta","2006","",">100","","2.0",""
"Malta","2005","",">100","","0",""
"Marshall Islands","2014","0.00 [0.00-0.00]",">100","41","0","0"
"Marshall Islands","2013","",">100","43","1.0","1.0"
"Marshall Islands","2012","",">100","0","3.0","4.0"
"Marshall Islands","2011","","100","20","1.0","2.0"
"Marshall Islands","2010","","96","30","1.0","1.0"
"Marshall Islands","2009","","69","50","1.0","1.0"
"Marshall Islands","2007","","88","91","1.0",""
"Marshall Islands","2006","","84","17","2.0",""
"Marshall Islands","2005","",">100","60","2.0",""
"Mauritania","2014","52 [21-84]","0.59","","8.0","11"
"Mauritania","2012","","<0.1","","1.0","1.0"
"Mauritania","2011","","0.30","3.9","8.0","4.0"
"Mauritania","2010","","","","35","35"
"Mauritania","2009","","","","","0"
"Mauritania","2008","","","3.1","6.0",""
"Mauritania","2007","","0","","14",""
"Mauritania","2006","","4.1","4.5","7.0",""
"Mauritania","2005","","12","15","11",""
"Mauritius","2014","1.00 [0.00-3.00]","100","100","1.0","1.0"
"Mauritius","2013","","100","100","1.0","0"
"Mauritius","2012","","100","100","0","0"
"Mauritius","2011","","100","100","1.0","1.0"
"Mauritius","2010","","100","100","2.0","2.0"
"Mauritius","2009","","100","100","2.0","1.0"
"Mauritius","2008","","100","100","1.0","1.0"
"Mauritius","2007","","100","100","0",""
"Mauritius","2006","","100","100","2.0",""
"Mauritius","2005","",">100","60","0",""
"Mexico","2014","500 [440-560]","0.32","73","201","206"
"Mexico","2013","","0.25","12","163","162"
"Mexico","2012","","0.11","9.3","128","115"
"Mexico","2011","","<0.1","12","151","140"
"Mexico","2010","","0.16","40","160","224"
"Mexico","2009","","<0.1","0.72","11","18"
"Mexico","2008","","0","28","121","36"
"Mexico","2007","","","","77",""
"Mexico","2006","","4.0","11","123",""
"Mexico","2005","","2.1","3.7","394",""
"Micronesia (Federated States of)","2014","8.0 [4.0-11.0]",">100","0","1.0","0"
"Micronesia (Federated States of)","2012","","8.6","0","4.0","13"
"Micronesia (Federated States of)","2011","","98","0","1.0","3.0"
"Micronesia (Federated States of)","2010","","70","23","1.0","3.0"
"Micronesia (Federated States of)","2009","","79","22","4.0","3.0"
"Micronesia (Federated States of)","2008","",">100","60","4.0","1.0"
"Micronesia (Federated States of)","2007","","","","1.0",""
"Micronesia (Federated States of)","2006","","39","17","4.0",""
"Micronesia (Federated States of)","2005","",">100","100","1.0",""
"Mongolia","2014","220 [190-250]","58",">100","318","294"
"Mongolia","2013","","58",">100","267","192"
"Mongolia","2012","","11",">100","218","171"
"Mongolia","2011","","9.1",">100","193","126"
"Mongolia","2010","","2.2","95","191","156"
"Mongolia","2009","","6.7","89","171","88"
"Mongolia","2008","","4.1","61","115","44"
"Mongolia","2007","","0.48","30","123",""
"Mongolia","2006","","2.3","57","98",""
"Mongolia","2005","","0","4.7","0",""
"Montenegro","2014","4.00 [0.00-8.00]","100","50","2.0","2.0"
"Montenegro","2013","","100","56","0","0"
"Montenegro","2012","","98","38","1.0","0"
"Montenegro","2011","","100",">100","2.0","1.0"
"Montenegro","2010","","100","100","0","0"
"Montenegro","2009","",">100","82","2.0","1.0"
"Montenegro","2008","",">100","90","0",""
"Montenegro","2007","","100","50","2.0",""
"Montenegro","2006","","89","83","2.0",""
"Montenegro","2005","","88","52","7.0",""
"Morocco","2014","340 [210-470]","3.4","14","115","123"
"Morocco","2013","","0.73","14","108","89"
"Morocco","2012","","0.85","21","80","138"
"Morocco","2011","","0.50","9.8","48","88"
"Morocco","2010","","0.38","24","65","263"
"Morocco","2009","","","","","0"
"Morocco","2008","","1.2","19","143","84"
"Morocco","2007","","0.43","","59",""
"Morocco","2005","","1.4","","180",""
"Mozambique","2014"," 2 100 [ 1 300- 2 900]","3.6","22","544","482"
"Mozambique","2013","","2.7","8.8","444","313"
"Mozambique","2012","","0.98","5.4","292","213"
"Mozambique","2011","","1.1","10","303","146"
"Mozambique","2010","","0.39","6.2","175","87"
"Mozambique","2009","","0.37","5.9","161","103"
"Mozambique","2008","","0.39","16","181","56"
"Mozambique","2007","","0.31","18","163",""
"Mozambique","2006","","0.33","8.2","129",""
"Mozambique","2005","","0.63","16","115",""
"Myanmar","2014"," 9 000 [ 6 500- 12 000]","24",">100"," 3 495"," 1 537"
"Myanmar","2013","","13","70"," 1 984","667"
"Myanmar","2012","","0.73","3.8"," 1 037","442"
"Myanmar","2011","","","","690","163"
"Myanmar","2010","","","","192","192"
"Myanmar","2009","","","9.9","815","64"
"Myanmar","2008","","","7.5","508","0"
"Myanmar","2007","","","","600",""
"Myanmar","2006","","","9.4","666",""
"Namibia","2014","580 [470-690]","","","350","327"
"Namibia","2013","","","","283","170"
"Namibia","2012","","","","210","288"
"Namibia","2011","","","","192","242"
"Namibia","2010","","","","214","214"
"Namibia","2009","","","","301","292"
"Namibia","2008","","","","221","221"
"Namibia","2007","","0","","291",""
"Nauru","2014","0.00 [0.00-0.00]","0","","0","0"
"Nauru","2011","","0","","0","0"
"Nauru","2009","","0","","0",""
"Nauru","2008","","","","","0"
"Nepal","2014"," 1 200 [770- 1 500]","14","26","406","349"
"Nepal","2013","","13","25","477","388"
"Nepal","2012","","1.2","24","360","251"
"Nepal","2011","","0","0","213","213"
"Nepal","2010","","0.81","6.2","229","229"
"Nepal","2009","","0.84","7.1","73","156"
"Nepal","2008","","0.93","10","76","49"
"Nepal","2007","","5.0","17","163",""
"Netherlands","2014","6.00 [0.00-12.00]",">100","58","7.0","6.0"
"Netherlands","2013","",">100","68","19","16"
"Netherlands","2012","","99","57","14","11"
"Netherlands","2011","","99","70","17","15"
"Netherlands","2010","","99","69","12","11"
"Netherlands","2009","",">100","60","22",""
"Netherlands","2008","",">100","65","13",""
"Netherlands","2007","",">100","","6.0",""
"Netherlands","2006","",">100",">100","5.0",""
"Netherlands","2005","",">100","68","13",""
"New Zealand","2014","3.00 [0.00-6.00]","","","",""
"New Zealand","2013","","2.4","","3.0","2.0"
"New Zealand","2012","",">100","80","4.0",""
"New Zealand","2011","",">100","83","2.0",""
"New Zealand","2010","",">100","91","5.0",""
"New Zealand","2009","",">100","89","7.0","7.0"
"New Zealand","2008","",">100","55","0","0"
"New Zealand","2007","",">100","47","2.0",""
"New Zealand","2006","",">100","80","1.0",""
"New Zealand","2005","",">100","74","4.0",""
"Nicaragua","2014","50 [21-78]","0.62","20","19","20"
"Nicaragua","2013","","6.6","70","14","15"
"Nicaragua","2012","","0","0","25","9.0"
"Nicaragua","2011","","13","24","14","10"
"Nicaragua","2010","","3.5","52","20","10"
"Nicaragua","2009","","","","","0"
"Nicaragua","2008","","0.27","62","16","14"
"Nicaragua","2007","","14","80","8.0",""
"Nicaragua","2006","","0","60","3.0",""
"Nicaragua","2005","","0.64","3.0","50",""
"Niger","2014","260 [97-410]","<0.1","14","46","47"
"Niger","2013","","0","13","29","40"
"Niger","2012","","0","6.2","35","77"
"Niger","2011","","<0.1","3.6","18","22"
"Niger","2010","","0","7.0","39","38"
"Niger","2009","","0","4.8","24","34"
"Niger","2008","","","","52","39"
"Nigeria","2014"," 3 300 [ 2 500- 4 200]","","","798","423"
"Nigeria","2013","","","","554","426"
"Nigeria","2012","","<0.1","4.2","439","125"
"Nigeria","2011","","<0.1","0.86","183","38"
"Nigeria","2010","","<0.1","0.21","26","23"
"Nigeria","2009","","<0.1","0.31","47","0"
"Nigeria","2008","","0.37","0.27","23","0"
"Nigeria","2007","","<0.1","0.67","45",""
"Niue","2014","0.00 [0.00-0.00]","","","0","0"
"Niue","2013","","","","0","0"
"Niue","2012","","","","0","0"
"Niue","2011","","","","0","0"
"Niue","2010","","","","0","0"
"Niue","2009","","","","0",""
"Niue","2008","","","","","0"
"Norway","2014","7.0 [1.0-14.0]","88","73","8.0",""
"Norway","2013","","90","44","6.0","6.0"
"Norway","2012","","99","54","7.0","6.0"
"Norway","2011","","97","65","4.0","4.0"
"Norway","2010","","99","85","9.0","8.0"
"Norway","2009","",">100","67","9.0",""
"Norway","2008","",">100","52","4.0",""
"Norway","2007","",">100","71","3.0",""
"Norway","2006","",">100","53","3.0",""
"Norway","2005","",">100","57","3.0",""
"Oman","2014","6.0 [1.0-11.0]",">100","100","8.0","8.0"
"Oman","2013","",">100","100","3.0","2.0"
"Oman","2012","",">100","100","7.0","6.0"
"Oman","2011","",">100","100","4.0","4.0"
"Oman","2010","","59","89","2.0","1.0"
"Oman","2009","","74","100","5.0","5.0"
"Oman","2008","","39",">100","4.0","2.0"
"Oman","2007","","66",">100","5.0",""
"Oman","2006","","82",">100","7.0",""
"Oman","2005","","95",">100","5.0",""
"Pakistan","2014"," 12 000 [ 8 800- 15 000]","0.29","72"," 3 243"," 2 662"
"Pakistan","2013","","4.6","22"," 2 596"," 1 495"
"Pakistan","2012","","0.42","1.3"," 2 501"," 1 045"
"Pakistan","2011","","","","432","344"
"Pakistan","2010","","<0.1","2.8","444","424"
"Pakistan","2009","","<0.1","0.65","50","368"
"Pakistan","2008","","<0.1","0.48","40","40"
"Palau","2014","0.00 [0.00-5.00]","86","","1.0","1.0"
"Palau","2013","","100","","1.0","0"
"Palau","2012","","100","","0","0"
"Palau","2011","","100","0","2.0","1.0"
"Palau","2010","","58","","0","0"
"Palau","2009","","","","0","0"
"Palau","2007","","80","","0",""
"Palau","2005","","100","","0",""
"Panama","2014","45 [28-61]","22","26","31","20"
"Panama","2013","","23","49","29","4.0"
"Panama","2012","","0.26","3.3","15","4.0"
"Panama","2011","","3.0","25","14","8.0"
"Panama","2010","","8.1","8.2","13","9.0"
"Panama","2009","","","","19","8.0"
"Panama","2008","","3.7","2.1","5.0","5.0"
"Panama","2007","","2.4","6.6","5.0",""
"Panama","2006","","6.6","","15",""
"Panama","2005","","3.3","19","5.0",""
"Papua New Guinea","2014","890 [540- 1 200]","","","320","320"
"Papua New Guinea","2013","","","","129","145"
"Papua New Guinea","2012","","","","159","82"
"Papua New Guinea","2011","","","","15","60"
"Papua New Guinea","2008","","","","5.0","2.0"
"Paraguay","2014","60 [18-100]","22","39","11","13"
"Paraguay","2013","","19","33","8.0","5.0"
"Paraguay","2012","","15","27","9.0","6.0"
"Paraguay","2011","","15","31","9.0","3.0"
"Paraguay","2010","","8.2","24","4.0","5.0"
"Paraguay","2009","","4.2","26","8.0","7.0"
"Paraguay","2008","","20","31","6.0","4.0"
"Paraguay","2007","","14","20","5.0",""
"Paraguay","2006","","1.9","13","7.0",""
"Paraguay","2005","","","","13",""
"Peru","2014"," 2 000 [ 1 900- 2 100]","73","83"," 1 463"," 1 671"
"Peru","2013","","78","100"," 1 462"," 1 425"
"Peru","2012","","79","52"," 1 356"," 1 510"
"Peru","2011","","6.5","16"," 1 997"," 1 374"
"Peru","2010","","",""," 1 048"," 1 702"
"Peru","2009","","4.4","19"," 3 180"," 1 856"
"Peru","2008","","1.3","26"," 1 074"," 1 055"
"Peru","2007","","0.92","23","945",""
"Peru","2006","","4.4","21"," 1 270",""
"Peru","2005","","","47"," 2 748",""
"Philippines","2014"," 11 000 [ 8 600- 13 000]","4.7","67"," 3 000"," 2 680"
"Philippines","2013","","3.2","70"," 3 962"," 2 262"
"Philippines","2012","","<0.1","12"," 2 673"," 1 918"
"Philippines","2011","","<0.1","17"," 3 074"," 2 397"
"Philippines","2010","","<0.1","2.7","532","548"
"Philippines","2009","","1.4","0.38"," 1 077","501"
"Philippines","2008","","<0.1","15","929","387"
"Philippines","2007","","<0.1","6.4","568",""
"Philippines","2006","","<0.1","8.4","403",""
"Philippines","2005","","<0.1","3.5","274",""
"Poland","2014","52 [35-69]","95","66","49",""
"Poland","2013","","93","58","47",""
"Poland","2012","","91","62","41","31"
"Poland","2011","","88","60","49","38"
"Poland","2010","","77","52","37","30"
"Poland","2009","","76","50","41","0"
"Poland","2008","","89","60","55",""
"Poland","2007","","60","50","51",""
"Poland","2005","",">100","","72",""
"Portugal","2014","21 [11-31]","65","49","26","22"
"Portugal","2013","","65","30","16","15"
"Portugal","2012","","72","54","19","17"
"Portugal","2011","","81","55","35",""
"Portugal","2010","","83","56","31","19"
"Portugal","2009","","94","61","25",""
"Portugal","2008","","93","50","28",""
"Portugal","2007","","81","47","34",""
"Portugal","2006","","60","28","17",""
"Portugal","2005","","77","49","33",""
"Qatar","2014","2.00 [0.00-7.00]",">100","","2.0","2.0"
"Qatar","2012","","2.0","","12","2.0"
"Qatar","2011","","1.6","","6.0","4.0"
"Qatar","2010","","100","","4.0","4.0"
"Qatar","2009","","100","","3.0","3.0"
"Qatar","2008","",">100","","5.0","5.0"
"Qatar","2007","",">100","","6.0",""
"Qatar","2006","","0","","3.0",""
"Qatar","2005","",">100","","2.0",""
"Republic of Korea","2014"," 1 800 [ 1 400- 2 100]",">100","54"," 1 172","856"
"Republic of Korea","2013","","70","43"," 1 097","951"
"Republic of Korea","2012","","",""," 1 212"," 1 212"
"Republic of Korea","2011","","17","13","565","307"
"Republic of Korea","2010","","","","450",""
"Republic of Moldova","2014"," 1 500 [ 1 400- 1 600]","99","61","925","930"
"Republic of Moldova","2013","","86","69"," 1 054","931"
"Republic of Moldova","2012","","67","63","902","853"
"Republic of Moldova","2011","","74","68"," 1 026","765"
"Republic of Moldova","2010","","49","67"," 1 123","791"
"Republic of Moldova","2009","","73","68"," 1 110","334"
"Republic of Moldova","2008","","56","66"," 1 048",""
"Republic of Moldova","2007","","68","42","896",""
"Republic of Moldova","2006","","49",">100"," 1 279",""
"Republic of Moldova","2005","","32","37","338",""
"Romania","2014","650 [490-810]","73","64","578","648"
"Romania","2013","","59","59","627","650"
"Romania","2012","","43","47","608","729"
"Romania","2011","","42","48","647","736"
"Romania","2010","","38","46","640","502"
"Romania","2009","","34","46","699",""
"Romania","2008","","30","42","816",""
"Romania","2007","","23","37","754",""
"Romania","2006","","","","139",""
"Romania","2005","","13","19","530",""
"Russian Federation","2014"," 39 000 [ 33 000- 45 000]","84","28"," 15 585"," 21 904"
"Russian Federation","2013","","84","23"," 13 521"," 20 372"
"Russian Federation","2012","","79","24"," 13 612"," 18 452"
"Russian Federation","2011","","78","25"," 13 785"," 18 902"
"Russian Federation","2010","","72","29"," 13 692"," 13 692"
"Russian Federation","2009","","76","21"," 14 686"," 8 143"
"Russian Federation","2008","","72","6.8"," 6 960",""
"Russian Federation","2007","","60","5.0"," 5 297",""
"Rwanda","2014","130 [83-180]","36","28","82","81"
"Rwanda","2013","","7.7","12","42","43"
"Rwanda","2012","","","","60","58"
"Rwanda","2011","","","","81","85"
"Rwanda","2010","","4.0","68","100","85"
"Rwanda","2009","","1.8","29","82","77"
"Rwanda","2008","","0.98","19","79","64"
"Rwanda","2007","","0","","102",""
"Rwanda","2005","","1.4","0","35",""
"Saint Kitts and Nevis","2014","0.00 [0.00-0.00]","0","","0","0"
"Saint Kitts and Nevis","2013","","","","0","0"
"Saint Kitts and Nevis","2012","","0","","0","0"
"Saint Kitts and Nevis","2011","","0","","0","0"
"Saint Kitts and Nevis","2010","","0","","0","0"
"Saint Kitts and Nevis","2009","","","","","0"
"Saint Kitts and Nevis","2008","","","","","0"
"Saint Lucia","2014","0.00 [0.00-0.00]",">100","","0","0"
"Saint Lucia","2013","","62","","0","0"
"Saint Lucia","2012","","36","","0","0"
"Saint Lucia","2011","","29","","0","0"
"Saint Lucia","2010","","0","","0","0"
"Saint Lucia","2009","","0","0","0","0"
"Saint Lucia","2008","","","","","0"
"Saint Lucia","2007","","0","0","0",""
"Saint Vincent and the Grenadines","2014","0.00 [0.00-0.00]","100","100","0","0"
"Saint Vincent and the Grenadines","2013","","100","","0","0"
"Saint Vincent and the Grenadines","2012","","48","0","0","0"
"Saint Vincent and the Grenadines","2011","","12","","0","0"
"Saint Vincent and the Grenadines","2010","","22","","0","0"
"Saint Vincent and the Grenadines","2009","","","","","0"
"Saint Vincent and the Grenadines","2008","","","","","0"
"Saint Vincent and the Grenadines","2005","","86","","6.0",""
"Samoa","2014","0.00 [0.00-0.00]",">100","0","0","0"
"Samoa","2013","","100","","0","0"
"Samoa","2012","","84","","1.0","0"
"Samoa","2011","","","","0","0"
"Samoa","2010","","0","","0","0"
"Samoa","2008","","","","","0"
"Sao Tome and Principe","2014","18 [13-22]","7.1","11","2.0","2.0"
"Sao Tome and Principe","2013","","1.3","12","3.0","3.0"
"Sao Tome and Principe","2012","","27","53","16","8.0"
"Sao Tome and Principe","2011","","1.9","12","4.0","4.0"
"Sao Tome and Principe","2010","","","","0","0"
"Sao Tome and Principe","2009","","","","","0"
"Saudi Arabia","2014","72 [58-86]","56","42","67","51"
"Saudi Arabia","2013","","0.51","5.5","26","23"
"Saudi Arabia","2012","","","","20","20"
"Saudi Arabia","2011","","","","22","22"
"Saudi Arabia","2010","","","","14","0"
"Saudi Arabia","2009","","","","","0"
"Saudi Arabia","2008","","","","21","21"
"Senegal","2014","240 [150-330]","40",">100","70","49"
"Senegal","2013","","2.4","35","680","48"
"Senegal","2012","","0.37","14","46","32"
"Senegal","2011","","0.18","8.7","51","27"
"Senegal","2010","","0.53","6.4","46","10"
"Senegal","2009","","0.72","2.8","11","0"
"Senegal","2008","","2.2","2.7","7.0","0"
"Senegal","2007","","2.4","3.6","10",""
"Serbia","2014","18.0 [7.0-29.0]","70","37","14","13"
"Serbia","2013","","70","62","12","10"
"Serbia","2012","","84","46","10","9.0"
"Serbia","2011","","91","62","9.0","9.0"
"Serbia","2010","","67","56","16","8.0"
"Serbia","2008","","63","46","16",""
"Serbia","2007","","61","59","25",""
"Serbia","2006","","67","42","10",""
"Serbia","2005","","76","40","17",""
"Seychelles","2014","0.00 [0.00-3.00]","100","","0","0"
"Seychelles","2013","","100","","0","0"
"Seychelles","2012","","82","100","0","0"
"Seychelles","2011","","0","","0","0"
"Seychelles","2010","","","","0","0"
"Seychelles","2009","","","","0","0"
"Seychelles","2008","","","","","0"
"Sierra Leone","2014","290 [93-480]","","","0","0"
"Sierra Leone","2013","","0","0","0","0"
"Sierra Leone","2011","","","","8.0",""
"Singapore","2014","20.0 [9.0-32.0]",">100","61","16","16"
"Singapore","2013","",">100","65","21","15"
"Singapore","2012","","98","58","24","22"
"Singapore","2011","","97","64","10","5.0"
"Singapore","2010","","97","61","5.0","3.0"
"Singapore","2009","","98","64","4.0","3.0"
"Singapore","2008","","97","68","4.0","4.0"
"Singapore","2007","","96","70","6.0",""
"Singapore","2006","","97","62","9.0",""
"Singapore","2005","","96","69","8.0",""
"Slovakia","2014","2.00 [0.00-5.00]",">100","81","7.0","2.0"
"Slovakia","2013","","96","73","8.0","7.0"
"Slovakia","2012","","95","55","4.0","1.0"
"Slovakia","2011","","92","58","6.0","3.0"
"Slovakia","2010","","95","58","1.0","1.0"
"Slovakia","2009","","99","46","2.0",""
"Slovakia","2008","",">100","63","4.0",""
"Slovakia","2007","",">100","55","7.0",""
"Slovakia","2006","",">100","59","7.0",""
"Slovakia","2005","","82","52","11",""
"Slovenia","2014","0.00 [0.00-0.00]",">100","100","0","0"
"Slovenia","2013","","99","86","0","0"
"Slovenia","2012","","100","86","0","0"
"Slovenia","2011","","100","100","0","0"
"Slovenia","2010","","100","82","0","0"
"Slovenia","2009","",">100","100","1.0",""
"Slovenia","2008","",">100","81","2.0",""
"Slovenia","2007","",">100","83","0",""
"Slovenia","2006","",">100","62","1.0",""
"Slovenia","2005","",">100","97","1.0",""
"Solomon Islands","2014","10.0 [6.0-14.0]","6.2","18","0","0"
"Solomon Islands","2013","","0","54","0","0"
"Solomon Islands","2012","","5.7","100","0","0"
"Solomon Islands","2011","","0","0","0","0"
"Solomon Islands","2010","","0.75","20","0","0"
"Solomon Islands","2009","","3.6",">100","0","0"
"Solomon Islands","2008","","","","","0"
"Solomon Islands","2006","",">100","100","0",""
"Somalia","2014","770 [510- 1 000]","0.34","29","176","76"
"Somalia","2013","","4.4","20","185","30"
"Somalia","2012","","4.3","11","82","0"
"Somalia","2011","","4.4","2.0","25","0"
"Somalia","2010","","9.3","11","80","0"
"Somalia","2009","","","","","0"
"Somalia","2008","","","","","0"
"South Africa","2014"," 6 200 [ 5 100- 7 300]","",""," 18 734"," 11 538"
"South Africa","2013","","",""," 26 023"," 10 663"
"South Africa","2012","","",""," 25 489"," 6 494"
"South Africa","2011","","",""," 11 853"," 5 643"
"South Africa","2010","","",""," 16 544"," 5 402"
"South Africa","2009","","",""," 9 070"," 4 143"
"South Africa","2008","","",""," 8 026",""
"South Africa","2007","","",""," 7 350",""
"South Africa","2006","","",""," 6 716",""
"South Africa","2005","","",""," 2 000",""
"South Sudan","2014","230 [95-360]","","7.2","6.0","0"
"South Sudan","2013","","3.0","","1.0","0"
"South Sudan","2012","","","","3.0",""
"South Sudan","2011","","","1.5","7.0",""
"Spain","2014","24.0 [9.0-39.0]","52","48","39",""
"Spain","2013","","48","35","42",""
"Spain","2012","","21","22","38",""
"Spain","2011","","23","25","45",""
"Spain","2010","","21","31","53",""
"Spain","2009","","","96","63",""
"Spain","2008","","34","38","76",""
"Spain","2006","","37","13","50",""
"Sri Lanka","2014","14.00 [0.00-45.00]","28",">100","42","11"
"Sri Lanka","2013","","21","99","12","4.0"
"Sri Lanka","2012","","23","55","8.0","5.0"
"Sri Lanka","2011","","24",">100","24","10"
"Sri Lanka","2010","","18","99","15","6.0"
"Sri Lanka","2009","","17",">100","20","4.0"
"Sri Lanka","2008","","16","82","8.0","5.0"
"Sri Lanka","2007","","18","89","8.0",""
"Sri Lanka","2006","","12","77","16",""
"Sri Lanka","2005","","12","82","32",""
"Sudan","2014","540 [230-860]","0.39","5.8","82","74"
"Sudan","2013","","0.59","4.6","95","72"
"Sudan","2012","","0.65","7.4","138","58"
"Sudan","2011","","0.29","4.7","83","80"
"Sudan","2010","","","","49","50"
"Sudan","2009","","1.2","10","202","94"
"Sudan","2008","","0.84","3.1","70","70"
"Sudan","2007","","0.34","6.4","51",""
"Sudan","2005","","","0.22","45",""
"Suriname","2014","5.0 [3.0-6.0]","88","81","9.0","0"
"Suriname","2013","","70","22","4.0","0"
"Suriname","2012","","7.8","0","7.0","0"
"Suriname","2011","","0","0","0","0"
"Suriname","2010","","0.70","","0",""
"Suriname","2009","","0.67","0","1.0","1.0"
"Suriname","2008","","52","43","1.0","0"
"Suriname","2005","","44","0","1.0",""
"Swaziland","2014","440 [320-560]","","","358","380"
"Swaziland","2013","","16","31","491","199"
"Swaziland","2012","","","","642","484"
"Swaziland","2011","","","","386","165"
"Swaziland","2010","","2.9","35","341","344"
"Swaziland","2009","","63","","380","166"
"Swaziland","2008","","9.6","74","170","93"
"Swaziland","2007","","0","30","110",""
"Sweden","2014","15.0 [6.0-24.0]",">100","53","18","15"
"Sweden","2013","",">100","60","9.0","8.0"
"Sweden","2012","","100","62","15","12"
"Sweden","2011","","100","69","19","17"
"Sweden","2010","","100","58","20","18"
"Sweden","2009","",">100","76","14",""
"Sweden","2008","",">100","81","12",""
"Sweden","2007","",">100","59","15",""
"Sweden","2006","",">100",">100","3.0",""
"Sweden","2005","",">100","57","5.0",""
"Switzerland","2014","16.0 [6.0-27.0]","85","70","17",""
"Switzerland","2013","","96","73","16","0"
"Switzerland","2012","","98","66","8.0","8.0"
"Switzerland","2011","","98","74","11","8.0"
"Switzerland","2010","",">100","82","10","9.0"
"Switzerland","2009","",">100","80","5.0",""
"Switzerland","2008","",">100","64","5.0",""
"Switzerland","2007","",">100","71","8.0",""
"Switzerland","2006","",">100","89","4.0",""
"Switzerland","2005","",">100","61","6.0",""
"Syrian Arab Republic","2014","150 [100-190]","19","32","31","8.0"
"Syrian Arab Republic","2013","","12","26","9.0","2.0"
"Syrian Arab Republic","2012","","13","30","41","7.0"
"Syrian Arab Republic","2011","","12","61","64","12"
"Syrian Arab Republic","2010","","1.7","5.6","28","13"
"Syrian Arab Republic","2009","","","8.0","14","15"
"Syrian Arab Republic","2008","","0","0","31","23"
"Syrian Arab Republic","2007","","0.21","15","12",""
"Syrian Arab Republic","2006","","0","12","14",""
"Syrian Arab Republic","2005","","0","0","7.0",""
"Tajikistan","2014","880 [810-950]","100","64","902","804"
"Tajikistan","2013","","100","54","872","625"
"Tajikistan","2012","","71","87","966","535"
"Tajikistan","2011","","10","53","723","380"
"Tajikistan","2010","","7.0","23","620","245"
"Tajikistan","2009","","42",">100","345","52"
"Thailand","2014"," 2 200 [ 1 700- 2 700]","13","38","506",""
"Thailand","2013","","9.9","12","230","230"
"Thailand","2012","","","","578",""
"Thailand","2011","","","","612","123"
"Thailand","2010","","","","","9.0"
"Thailand","2009","","","","","296"
"Thailand","2008","","","","358","358"
"The former Yugoslav republic of Macedonia","2014","3.00 [0.00-6.00]","92","78","3.0","3.0"
"The former Yugoslav republic of Macedonia","2013","","89","48","2.0","0"
"The former Yugoslav republic of Macedonia","2012","","81","84","5.0","3.0"
"The former Yugoslav republic of Macedonia","2011","","72","45","7.0","1.0"
"The former Yugoslav republic of Macedonia","2010","",">100","54","7.0","7.0"
"The former Yugoslav republic of Macedonia","2009","","80","50","4.0","1.0"
"The former Yugoslav republic of Macedonia","2008","","69","30","2.0",""
"The former Yugoslav republic of Macedonia","2007","","68","38","9.0",""
"The former Yugoslav republic of Macedonia","2006","","63","30","6.0",""
"The former Yugoslav republic of Macedonia","2005","","51","18","4.0",""
"Timor-Leste","2014","99 [87-110]","","99","3.0","3.0"
"Timor-Leste","2013","","0","3.0","2.0","2.0"
"Timor-Leste","2012","","","8.2","4.0","4.0"
"Timor-Leste","2011","","0","2.9","2.0","4.0"
"Timor-Leste","2010","","","","5.0",""
"Timor-Leste","2009","","0","12","4.0","1.0"
"Timor-Leste","2008","","0","26","3.0","3.0"
"Togo","2014","77 [39-120]","<0.1","11","9.0","1.0"
"Togo","2013","","0.41","80","19","12"
"Togo","2012","","0","1.1","4.0","2.0"
"Togo","2011","","4.1","39","12","4.0"
"Togo","2010","","","","2.0","0"
"Togo","2009","","0","1.9","4.0","0"
"Togo","2008","","0","20","2.0","1.0"
"Togo","2007","","0.89","16","2.0",""
"Tonga","2014","1.00 [0.00-1.00]","0","","0","0"
"Tonga","2013","","0","","0","0"
"Tonga","2012","","0","","0","0"
"Tonga","2011","","0","","0","0"
"Tonga","2010","","0","","0","0"
"Tonga","2009","","","","","0"
"Tonga","2008","","","","","0"
"Trinidad and Tobago","2014","10.0 [8.0-12.0]","34","29","0","1.0"
"Trinidad and Tobago","2013","","16","46","13","14"
"Trinidad and Tobago","2012","","2.4","19","0","0"
"Trinidad and Tobago","2010","","","","0","0"
"Trinidad and Tobago","2009","","0","0","0","0"
"Trinidad and Tobago","2008","","3.6","6.4","0","0"
"Trinidad and Tobago","2007","","80","77","40",""
"Trinidad and Tobago","2006","","12","19","1.0",""
"Trinidad and Tobago","2005","","0","14","3.0",""
"Tunisia","2014","19.0 [7.0-30.0]","96","59","14","14"
"Tunisia","2013","","73","60","17","14"
"Tunisia","2012","","0.28","22","17","15"
"Tunisia","2011","","0.19","20","12","12"
"Tunisia","2010","","0.55","17","12","12"
"Tunisia","2009","","32","","24","10"
"Tunisia","2008","","","","36","8.0"
"Tunisia","2007","","","","12",""
"Tunisia","2006","","","","10",""
"Turkey","2014","360 [320-410]","84","56","349","257"
"Turkey","2013","","83","56","283","228"
"Turkey","2012","","71","55","357","291"
"Turkey","2011","","63","48","325","275"
"Turkey","2010","","64","45","335","250"
"Turkey","2009","","52","41","282","222"
"Turkey","2008","","52","44","263",""
"Turkey","2007","","47","41","240",""
"Turkey","2006","","45","35","249",""
"Turkey","2005","","38","20","191",""
"Turkmenistan","2014","450 [390-520]","16","31","210","210"
"Turkmenistan","2013","","","","81","81"
"Turkmenistan","2010","","7.0","77","43",""
"Turkmenistan","2009","","12","","46",""
"Turkmenistan","2006","","0","42","16",""
"Tuvalu","2014","1.0 [1.0-1.0]","0","0","0","0"
"Tuvalu","2013","","0","","0","0"
"Tuvalu","2012","","11","","2.0","1.0"
"Tuvalu","2011","","","","0","0"
"Tuvalu","2010","","0","","0","0"
"Tuvalu","2009","","0","","0","0"
"Tuvalu","2008","","","","","0"
"Uganda","2014"," 1 000 [620- 1 400]","7.5","18","255","213"
"Uganda","2013","","0.36","9.9","117","199"
"Uganda","2012","","5.1","19","172","41"
"Uganda","2011","","1.2","9.0","135","7.0"
"Uganda","2010","","1.5","9.0","135","10"
"Uganda","2009","","1.6","5.7","64","2.0"
"Uganda","2008","","2.1","13","26","7.0"
"Uganda","2005","","","","46",""
"Ukraine","2014"," 13 000 [ 12 000- 14 000]","97","69"," 7 735"," 8 201"
"Ukraine","2013","","81","52"," 10 585"," 9 000"
"Ukraine","2012","","77","72"," 7 615"," 7 672"
"Ukraine","2011","","61","38"," 4 530"," 4 957"
"Ukraine","2010","","66","95"," 6 055"," 3 870"
"Ukraine","2009","","88",">100"," 5 419"," 3 186"
"United Arab Emirates","2014","1.00 [0.00-1.00]","70","60","1.0","1.0"
"United Arab Emirates","2013","","57","100","0","0"
"United Arab Emirates","2012","","52","38","2.0","2.0"
"United Arab Emirates","2011","","5.0","0","1.0","1.0"
"United Arab Emirates","2010","","","","0","0"
"United Arab Emirates","2009","","","","","2.0"
"United Arab Emirates","2008","","","100","1.0","1.0"
"United Arab Emirates","2007","","","","1.0",""
"United Arab Emirates","2005","","","","4.0",""
"United Kingdom of Great Britain and Northern Ireland","2014","59 [39-79]",">100","46","63","60"
"United Kingdom of Great Britain and Northern Ireland","2013","",">100","49","86","70"
"United Kingdom of Great Britain and Northern Ireland","2012","","97","51","91","84"
"United Kingdom of Great Britain and Northern Ireland","2011","","97","47","92","81"
"United Kingdom of Great Britain and Northern Ireland","2010","","96","48","76","60"
"United Kingdom of Great Britain and Northern Ireland","2009","",">100","45","73",""
"United Kingdom of Great Britain and Northern Ireland","2008","",">100","45","53",""
"United Kingdom of Great Britain and Northern Ireland","2007","",">100","58","56",""
"United Kingdom of Great Britain and Northern Ireland","2006","",">100",">100","52",""
"United Kingdom of Great Britain and Northern Ireland","2005","",">100","59","54",""
"United Republic of Tanzania","2014","600 [240-950]","40","34","516","143"
"United Republic of Tanzania","2013","","4.9","26","279","93"
"United Republic of Tanzania","2012","","2.9","32","83","44"
"United Republic of Tanzania","2011","","0.34","0.59","68","68"
"United Republic of Tanzania","2010","","0.44","6.5","41","17"
"United Republic of Tanzania","2009","","0.75","4.2","54","16"
"United Republic of Tanzania","2008","","0.98","4.3","24","0"
"United Republic of Tanzania","2007","","","","169",""
"United Republic of Tanzania","2006","","1.5","3.7","13",""
"United Republic of Tanzania","2005","","0.60","8.0","10",""
"United States of America","2014","110 [88-140]",">100","70","108","107"
"United States of America","2013","",">100","63","108","90"
"United States of America","2012","",">100","","105","80"
"United States of America","2011","","99","","140","117"
"United States of America","2010","",">100","","138","92"
"United States of America","2009","",">100","","251","114"
"United States of America","2008","",">100","","132","14"
"United States of America","2007","",">100","","124",""
"United States of America","2006","",">100","","123",""
"United States of America","2005","",">100","","168",""
"Uruguay","2014","2.00 [0.00-6.00]","69","39","2.0","2.0"
"Uruguay","2013","","68","57","4.0","1.0"
"Uruguay","2012","","88","76","4.0","1.0"
"Uruguay","2011","","75","72","3.0","1.0"
"Uruguay","2010","","36","54","1.0","1.0"
"Uruguay","2009","","","","","1.0"
"Uruguay","2008","","96","77","0","0"
"Uruguay","2007","","93","70","1.0",""
"Uruguay","2006","","90","66","1.0",""
"Uzbekistan","2014"," 7 000 [ 6 100- 7 900]",">100","77"," 4 955"," 3 665"
"Uzbekistan","2013","","99","45"," 5 751"," 2 647"
"Uzbekistan","2012","","53","39"," 2 233"," 1 491"
"Uzbekistan","2011","","9.5","11"," 1 435","855"
"Uzbekistan","2010","","60","26"," 1 042","628"
"Uzbekistan","2009","","12","30","746","464"
"Uzbekistan","2008","","5.4","9.2","342",""
"Uzbekistan","2007","","6.1","10","484",""
"Uzbekistan","2006","","2.9","4.0","83",""
"Uzbekistan","2005","","0","4.8","86",""
"Vanuatu","2014","0.00 [0.00-0.00]","0","0","0","0"
"Vanuatu","2013","","0","0","0","0"
"Vanuatu","2012","","0","0","0","0"
"Vanuatu","2011","","0","0","0","0"
"Vanuatu","2010","","","","0","0"
"Vanuatu","2009","","0","0","0","0"
"Vanuatu","2008","","","","","0"
"Vanuatu","2006","","69","","0",""
"Venezuela (Bolivarian Republic of)","2014","150 [110-200]","7.5","34","26","26"
"Venezuela (Bolivarian Republic of)","2013","","2.2","32","41","19"
"Venezuela (Bolivarian Republic of)","2012","","13","26","34","21"
"Venezuela (Bolivarian Republic of)","2011","","17","48","35","21"
"Venezuela (Bolivarian Republic of)","2010","","0.78","36","24","21"
"Venezuela (Bolivarian Republic of)","2009","","0.57","37","23","21"
"Venezuela (Bolivarian Republic of)","2008","","0.38","27","8.0","8.0"
"Venezuela (Bolivarian Republic of)","2007","","0.54","22","3.0",""
"Venezuela (Bolivarian Republic of)","2006","","0.83","27","22",""
"Venezuela (Bolivarian Republic of)","2005","","4.3","4.3","28",""
"Viet Nam","2014"," 5 100 [ 3 900- 6 300]","5.5","96"," 2 198"," 1 532"
"Viet Nam","2013","","0.70","45"," 1 204","948"
"Viet Nam","2012","","","","769","713"
"Viet Nam","2011","","","","601","578"
"Viet Nam","2010","","","","101","101"
"Viet Nam","2009","","","","217","307"
"Yemen","2014","140 [65-220]","34","24","53","50"
"Yemen","2013","","19","18","19","9.0"
"Yemen","2012","","5.5","5.1","8.0","0"
"Yemen","2010","","1.5","7.8","5.0","0"
"Yemen","2009","","1.1","9.6","14",""
"Yemen","2008","","1.9","14","2.0","10"
"Yemen","2007","","2.1","4.0","2.0",""
"Yemen","2006","","15","17","21",""
"Yemen","2005","","","","1.0",""
"Zambia","2014","610 [260-960]","","","",""
"Zambia","2013","","","","79","79"
"Zambia","2012","","","","80","97"
"Zambia","2009","","0.46","1.2","33","0"
"Zambia","2008","","0","11","56","36"
"Zambia","2007","","0","8.6","27",""
"Zambia","2006","","","","50",""
"Zimbabwe","2014","940 [430- 1 500]","3.0","6.4","412","381"
"Zimbabwe","2013","","","","433","351"
"Zimbabwe","2012","","3.0","6.0","258","234"
"Zimbabwe","2011","","0","0","136","64"
"Zimbabwe","2010","","","","40","27"
"Zimbabwe","2009","","","","","0"
"Zimbabwe","2008","","","","","0"