Country,Year,Per_success_treat_oldTBcases,Per_success_treat_newTBcases
Afghanistan,2013,74,88
Afghanistan,2012,65,88
Afghanistan,2011,77,88
Afghanistan,2010,79,86
Afghanistan,2009,,86
Afghanistan,2008,,88
Afghanistan,2007,83,87
Afghanistan,2006,79,84
Afghanistan,2005,89,90
Afghanistan,2004,,89
Afghanistan,2003,,86
Afghanistan,2002,,87
Afghanistan,2001,,84
Afghanistan,2000,78,85
Afghanistan,1999,84,86
Afghanistan,1998,78,33
Afghanistan,1997,,45
Albania,2013,,88
Albania,2012,67,92
Albania,2011,83,92
Albania,2010,90,89
Albania,2009,76,86
Albania,2008,75,88
Albania,2007,84,87
Albania,2006,86,87
Albania,2005,73,81
Albania,2004,86,75
Albania,2003,100,88
Albania,2002,70,84
Albania,2001,75,91
Algeria,2013,59,91
Algeria,2012,74,90
Algeria,2011,80,92
Algeria,2010,83,89
Algeria,2009,84,91
Algeria,2008,83,90
Algeria,2007,,90
Algeria,2006,79,91
Algeria,2005,72,87
Algeria,2004,82,91
Algeria,2003,75,90
Algeria,2002,78,89
Algeria,2001,72,84
Algeria,2000,77,87
Algeria,1999,85,87
Algeria,1998,,70
Algeria,1997,,86
Algeria,1996,65,86
Andorra,2013,,60
Andorra,2012,,100
Andorra,2011,0,100
Andorra,2010,,86
Andorra,2009,100,88
Andorra,2008,,100
Andorra,2007,100,100
Andorra,2006,67,80
Andorra,2005,,89
Andorra,2004,,80
Andorra,2003,,100
Andorra,2002,,100
Andorra,2001,,100
Andorra,2000,,50
Andorra,1999,,67
Andorra,1998,100,100
Angola,2013,39,23
Angola,2012,20,45
Angola,2011,0,27
Angola,2010,64,48
Angola,2009,66,41
Angola,2008,56,37
Angola,2007,65,74
Angola,2006,,18
Angola,2005,47,72
Angola,2004,,69
Angola,2003,,71
Angola,2002,51,74
Angola,2001,,68
Angola,2000,,68
Angola,1998,,68
Angola,1997,10,15
Antigua and Barbuda,2013,,67
Antigua and Barbuda,2012,,50
Antigua and Barbuda,2011,50,17
Antigua and Barbuda,2010,,33
Antigua and Barbuda,2009,100,67
Antigua and Barbuda,2008,,100
Antigua and Barbuda,2007,,50
Antigua and Barbuda,2005,,50
Antigua and Barbuda,2004,,100
Antigua and Barbuda,2002,,100
Antigua and Barbuda,2001,,100
Antigua and Barbuda,2000,,100
Antigua and Barbuda,1999,,50
Antigua and Barbuda,1998,,50
Argentina,2013,40,51
Argentina,2012,44,56
Argentina,2011,41,49
Argentina,2010,32,45
Argentina,2009,30,43
Argentina,2008,25,38
Argentina,2007,43,60
Argentina,2006,43,55
Argentina,2005,33,46
Argentina,2004,47,57
Argentina,2003,46,66
Argentina,2002,,58
Argentina,2001,,61
Argentina,2000,,47
Argentina,1999,55,55
Argentina,1998,,55
Argentina,1997,,42
Argentina,1996,,23
Argentina,1995,,12
Armenia,2013,78,81
Armenia,2012,47,81
Armenia,2011,68,78
Armenia,2010,67,82
Armenia,2009,63,79
Armenia,2008,51,78
Armenia,2007,46,77
Armenia,2006,43,75
Armenia,2005,41,77
Armenia,2004,48,75
Armenia,2003,47,77
Armenia,2002,31,79
Armenia,2001,67,90
Armenia,2000,67,87
Armenia,1999,51,88
Armenia,1998,,81
Armenia,1997,,82
Armenia,1996,75,77
Armenia,1995,50,55
Australia,2013,83,85
Australia,2012,57,82
Australia,2011,66,78
Australia,2010,69,82
Australia,2009,66,80
Australia,2008,66,81
Australia,2007,76,85
Australia,2006,88,85
Australia,2005,72,85
Australia,2004,,91
Australia,2003,86,80
Australia,2002,71,78
Australia,2001,50,70
Australia,2000,82,72
Australia,1999,83,81
Australia,1998,81,72
Australia,1997,71,60
Australia,1996,,55
Austria,2013,63,72
Austria,2012,40,69
Austria,2011,43,72
Austria,2010,76,75
Austria,2009,43,70
Austria,2008,70,70
Austria,2007,,
Austria,2006,73,71
Austria,2005,67,71
Austria,2004,65,70
Austria,2003,60,68
Austria,2002,83,78
Austria,2001,44,64
Austria,2000,80,73
Austria,1999,59,77
Austria,1998,,80
Austria,1997,,79
Austria,1996,,84
Austria,1995,,82
Azerbaijan,2013,73,82
Azerbaijan,2012,74,83
Azerbaijan,2011,71,78
Azerbaijan,2010,63,73
Azerbaijan,2009,53,66
Azerbaijan,2008,50,56
Azerbaijan,2007,44,58
Azerbaijan,2006,46,60
Azerbaijan,2005,37,59
Azerbaijan,2004,41,66
Azerbaijan,2003,51,70
Azerbaijan,2002,64,83
Azerbaijan,2001,37,77
Azerbaijan,2000,66,90
Azerbaijan,1999,69,83
Azerbaijan,1998,70,84
Azerbaijan,1997,,89
Azerbaijan,1996,50,87
Azerbaijan,1995,,65
Bahamas,2013,,76
Bahamas,2012,,84
Bahamas,2011,100,65
Bahamas,2010,100,69
Bahamas,2009,80,76
Bahamas,2008,33,70
Bahamas,2007,100,64
Bahamas,2006,20,74
Bahamas,2005,75,52
Bahamas,2004,,62
Bahamas,2003,,62
Bahamas,2002,,59
Bahamas,2001,,64
Bahamas,1999,,66
Bahamas,1998,,72
Bahamas,1997,,77
Bahamas,1996,,0
Bahrain,2012,,44
Bahrain,2011,,61
Bahrain,2010,,96
Bahrain,2009,,99
Bahrain,2008,,66
Bahrain,2007,,52
Bahrain,2006,,97
Bahrain,2005,,94
Bahrain,2004,,93
Bahrain,2003,,97
Bahrain,2002,,88
Bahrain,2001,,87
Bahrain,2000,,73
Bahrain,1999,,95
Bahrain,1998,,13
Bahrain,1996,,21
Bangladesh,2013,86,93
Bangladesh,2012,82,92
Bangladesh,2011,82,91
Bangladesh,2010,80,91
Bangladesh,2009,81,91
Bangladesh,2008,,91
Bangladesh,2007,79,90
Bangladesh,2006,77,91
Bangladesh,2005,80,90
Bangladesh,2004,81,90
Bangladesh,2003,73,85
Bangladesh,2002,69,84
Bangladesh,2001,,83
Bangladesh,2000,72,81
Bangladesh,1999,64,79
Bangladesh,1998,74,77
Bangladesh,1997,58,73
Bangladesh,1996,57,63
Bangladesh,1995,75,71
Barbados,2013,,100
Barbados,2012,,100
Barbados,2010,,100
Barbados,2009,,100
Barbados,2008,,100
Barbados,2007,,100
Barbados,2006,,100
Barbados,2005,,93
Barbados,2003,100,100
Barbados,1997,,83
Barbados,1996,,100
Belarus,2013,71,87
Belarus,2012,69,85
Belarus,2011,29,71
Belarus,2010,48,78
Belarus,2009,42,77
Belarus,2008,59,80
Belarus,2007,62,82
Belarus,2006,64,80
Belarus,2005,,93
Belarus,2004,,74
Belarus,2003,,73
Belarus,1996,,85
Belgium,2013,72,79
Belgium,2012,72,77
Belgium,2011,61,80
Belgium,2010,64,78
Belgium,2009,67,78
Belgium,2008,29,45
Belgium,2007,35,68
Belgium,2006,42,61
Belgium,2005,38,58
Belgium,2004,33,60
Belgium,2003,63,73
Belgium,2002,76,69
Belgium,2001,60,64
Belgium,2000,62,66
Belgium,1999,57,60
Belize,2013,67,36
Belize,2012,,55
Belize,2011,,
Belize,2010,0,0
Belize,2009,,
Belize,2008,,83
Belize,2007,,46
Belize,2006,,
Belize,2005,86,70
Belize,2004,82,52
Belize,2003,71,89
Belize,2002,,85
Belize,2001,,66
Belize,2000,,78
Belize,1999,100,88
Belize,1995,23,52
Benin,2013,90,89
Benin,2012,86,90
Benin,2011,84,89
Benin,2010,85,90
Benin,2009,80,88
Benin,2008,77,87
Benin,2007,86,86
Benin,2006,78,86
Benin,2005,81,87
Benin,2004,78,83
Benin,2003,76,81
Benin,2002,75,80
Benin,2001,76,79
Benin,2000,82,78
Benin,1999,68,77
Benin,1998,71,76
Benin,1997,60,72
Benin,1996,58,72
Benin,1995,67,71
Anguilla,2003,0,
Bhutan,2013,60,91
Bhutan,2012,35,92
Bhutan,2011,76,91
Bhutan,2010,84,91
Bhutan,2009,82,92
Bhutan,2008,79,91
Bhutan,2007,91,91
Bhutan,2006,75,86
Bhutan,2005,75,82
Bhutan,2004,82,82
Bhutan,2003,79,90
Bhutan,2002,55,86
Bhutan,2001,90,93
Bhutan,2000,,90
Bhutan,1999,87,85
Bhutan,1998,,90
Bhutan,1997,88,85
Bhutan,1996,,96
Bhutan,1995,59,97
Bolivia (Plurinational State of),2013,77,85
Bolivia (Plurinational State of),2012,76,84
Bolivia (Plurinational State of),2011,73,82
Bolivia (Plurinational State of),2010,78,85
Bolivia (Plurinational State of),2009,78,85
Bolivia (Plurinational State of),2008,76,81
Bolivia (Plurinational State of),2007,76,80
Bolivia (Plurinational State of),2006,70,75
Bolivia (Plurinational State of),2005,66,75
Bolivia (Plurinational State of),2004,65,74
Bolivia (Plurinational State of),2003,70,81
Bolivia (Plurinational State of),2002,69,84
Bolivia (Plurinational State of),2001,68,82
Bolivia (Plurinational State of),2000,61,79
Bolivia (Plurinational State of),1999,50,74
Bolivia (Plurinational State of),1998,,62
Bolivia (Plurinational State of),1997,,77
Bolivia (Plurinational State of),1996,,71
Bolivia (Plurinational State of),1995,66,62
Bosnia and Herzegovina,2013,,82
Bosnia and Herzegovina,2012,77,84
Bosnia and Herzegovina,2011,63,72
Bosnia and Herzegovina,2010,95,98
Bosnia and Herzegovina,2009,84,96
Bosnia and Herzegovina,2008,75,92
Bosnia and Herzegovina,2007,92,97
Bosnia and Herzegovina,2006,95,97
Bosnia and Herzegovina,2005,92,97
Bosnia and Herzegovina,2004,92,98
Bosnia and Herzegovina,2003,94,94
Bosnia and Herzegovina,2002,93,95
Bosnia and Herzegovina,2001,96,98
Bosnia and Herzegovina,2000,93,94
Bosnia and Herzegovina,1999,82,90
Bosnia and Herzegovina,1998,85,88
Bosnia and Herzegovina,1997,95,90
Bosnia and Herzegovina,1996,,57
Bosnia and Herzegovina,1995,,97
Botswana,2013,60,73
Botswana,2012,63,76
Botswana,2011,70,76
Botswana,2010,66,78
Botswana,2009,64,76
Botswana,2008,45,58
Botswana,2007,51,64
Botswana,2006,53,72
Botswana,2005,61,70
Botswana,2004,,65
Botswana,2003,,77
Botswana,2002,65,71
Botswana,2001,73,78
Botswana,2000,75,77
Botswana,1999,72,71
Botswana,1998,63,47
Botswana,1997,,70
Botswana,1996,,70
Botswana,1995,,67
Brazil,2013,38,72
Brazil,2012,36,72
Brazil,2011,49,73
Brazil,2010,46,72
Brazil,2009,42,70
Brazil,2008,50,69
Brazil,2007,51,72
Brazil,2006,47,69
Brazil,2005,48,72
Brazil,2004,49,72
Brazil,2003,64,77
Brazil,2002,60,80
Brazil,2001,23,55
Brazil,2000,40,71
Brazil,1999,16,78
Brazil,1998,,40
Brazil,1997,,27
Brazil,1996,,20
Brazil,1995,,17
Brunei Darussalam,2013,,73
Brunei Darussalam,2012,,71
Brunei Darussalam,2011,63,66
Brunei Darussalam,2010,100,78
Brunei Darussalam,2009,,62
Brunei Darussalam,2008,83,84
Brunei Darussalam,2007,100,77
Brunei Darussalam,2006,100,83
Brunei Darussalam,2005,80,71
Brunei Darussalam,2004,75,72
Brunei Darussalam,2003,38,60
Brunei Darussalam,2002,70,84
Brunei Darussalam,2001,,56
Brunei Darussalam,2000,,63
Brunei Darussalam,1999,100,76
Brunei Darussalam,1998,93,85
Bulgaria,2013,50,85
Bulgaria,2012,47,87
Bulgaria,2011,66,86
Bulgaria,2010,64,87
Bulgaria,2009,69,87
Bulgaria,2008,67,85
Bulgaria,2007,59,82
Bulgaria,2006,71,85
Bulgaria,2005,67,88
Bulgaria,2004,75,85
Bulgaria,2003,68,91
Bulgaria,2002,79,84
Bulgaria,2001,78,87
Burkina Faso,2013,75,80
Burkina Faso,2012,74,80
Burkina Faso,2011,75,77
Burkina Faso,2010,76,78
Burkina Faso,2009,75,77
Burkina Faso,2008,77,76
Burkina Faso,2007,75,73
Burkina Faso,2006,75,72
Burkina Faso,2005,75,71
Burkina Faso,2004,62,67
Burkina Faso,2003,59,66
Burkina Faso,2002,58,64
Burkina Faso,2001,68,65
Burkina Faso,2000,61,60
Burkina Faso,1999,61,61
Burkina Faso,1998,88,59
Burkina Faso,1997,,61
Burkina Faso,1996,,29
Burkina Faso,1995,77,25
Burundi,2013,84,91
Burundi,2012,81,89
Burundi,2011,85,89
Burundi,2010,82,88
Burundi,2009,84,86
Burundi,2008,76,82
Burundi,2007,79,80
Burundi,2006,,78
Burundi,2005,,71
Burundi,2004,,73
Burundi,2003,50,79
Burundi,2002,63,79
Burundi,2001,63,80
Burundi,2000,63,80
Burundi,1998,68,74
Burundi,1997,,67
Burundi,1995,46,45
CÃ´te d'Ivoire,2013,64,80
CÃ´te d'Ivoire,2012,66,79
CÃ´te d'Ivoire,2011,67,76
CÃ´te d'Ivoire,2010,65,75
CÃ´te d'Ivoire,2009,64,77
CÃ´te d'Ivoire,2008,68,75
CÃ´te d'Ivoire,2007,67,71
CÃ´te d'Ivoire,2006,68,73
CÃ´te d'Ivoire,2005,58,74
CÃ´te d'Ivoire,2004,49,69
CÃ´te d'Ivoire,2003,44,72
CÃ´te d'Ivoire,2002,50,65
CÃ´te d'Ivoire,2001,57,72
CÃ´te d'Ivoire,2000,55,57
CÃ´te d'Ivoire,1999,66,63
CÃ´te d'Ivoire,1998,55,62
CÃ´te d'Ivoire,1997,66,61
CÃ´te d'Ivoire,1996,59,56
CÃ´te d'Ivoire,1995,,68
Cabo Verde,2013,42,88
Cabo Verde,2012,64,86
Cabo Verde,2011,37,64
Cabo Verde,2008,48,75
Cabo Verde,2006,52,79
Cabo Verde,2005,56,64
Cabo Verde,2004,71,71
Cabo Verde,2003,,72
Cabo Verde,2002,67,53
Cabo Verde,2001,,42
Cabo Verde,2000,,64
Cambodia,2013,90,93
Cambodia,2012,88,94
Cambodia,2011,74,94
Cambodia,2010,75,89
Cambodia,2009,79,94
Cambodia,2008,79,94
Cambodia,2007,83,93
Cambodia,2006,85,92
Cambodia,2005,76,91
Cambodia,2004,86,91
Cambodia,2003,87,93
Cambodia,2002,89,92
Cambodia,2001,92,92
Cambodia,2000,90,91
Cambodia,1999,90,93
Cambodia,1998,91,95
Cambodia,1997,90,91
Cambodia,1996,89,94
Cambodia,1995,85,91
Cameroon,2013,71,82
Cameroon,2012,65,79
Cameroon,2011,70,79
Cameroon,2010,71,78
Cameroon,2009,69,77
Cameroon,2008,66,75
Cameroon,2007,64,74
Cameroon,2006,44,74
Cameroon,2005,55,74
Cameroon,2004,49,71
Cameroon,2002,69,71
Cameroon,2001,57,62
Cameroon,2000,59,77
Cameroon,1999,67,75
Cameroon,1998,67,75
Cameroon,1997,68,60
Cameroon,1996,,59
Cameroon,1995,,53
Canada,2012,67,79
Canada,2011,56,66
Canada,2010,71,78
Canada,2009,64,77
Canada,2008,79,79
Canada,2007,63,67
Canada,2006,48,60
Canada,2005,68,70
Canada,2004,54,61
Canada,2003,36,45
Canada,2002,31,36
Canada,2001,41,42
Canada,2000,32,35
Canada,1999,25,36
Canada,1998,32,39
Canada,1997,42,40
Central African Republic,2013,62,70
Central African Republic,2012,60,68
Central African Republic,2011,55,59
Central African Republic,2010,58,59
Central African Republic,2009,32,47
Central African Republic,2008,82,71
Central African Republic,2007,,67
Central African Republic,2005,82,68
Central African Republic,2004,91,88
Central African Republic,2003,61,59
Central African Republic,2001,60,54
Central African Republic,2000,49,58
Central African Republic,1995,,37
Chad,2013,53,74
Chad,2012,56,69
Chad,2011,60,68
Chad,2010,73,54
Chad,2009,70,72
Chad,2006,,54
Chad,2004,66,71
Chad,2003,74,74
Chad,2002,89,58
Chad,1998,,64
Chad,1995,48,47
Chile,2013,5.0,47
Chile,2012,11,44
Chile,2011,43,71
Chile,2010,26,71
Chile,2009,24,72
Chile,2008,22,72
Chile,2007,29,85
Chile,2006,66,85
Chile,2005,72,83
Chile,2004,,83
Chile,2003,,85
Chile,2002,,86
Chile,2001,73,83
Chile,2000,58,82
Chile,1999,69,83
Chile,1998,78,83
Chile,1997,64,77
Chile,1996,74,80
Chile,1995,,79
China,2013,90,95
China,2012,90,95
China,2011,90,95
China,2010,90,95
China,2009,90,94
China,2008,90,93
China,2007,89,93
China,2006,89,92
China,2005,90,92
China,2004,89,92
China,2003,89,93
China,2002,88,92
China,2001,92,95
China,2000,89,93
China,1999,95,95
China,1998,95,95
China,1997,,95
China,1996,94,94
China,1995,92,93
Colombia,2013,42,71
Colombia,2012,51,72
Colombia,2011,45,73
Colombia,2010,17,74
Colombia,2009,,75
Colombia,2008,,56
Colombia,2007,,77
Colombia,2006,,71
Colombia,2005,,71
Colombia,2004,,80
Colombia,2003,,80
Colombia,2002,,73
Colombia,2001,,71
Colombia,2000,,80
Colombia,1999,,81
Colombia,1998,,74
Comoros,2013,67,94
Comoros,2012,,87
Comoros,2011,,25
Comoros,2010,80,90
Comoros,2008,100,89
Comoros,2007,67,94
Comoros,2005,100,94
Comoros,2004,,94
Comoros,2002,100,96
Comoros,2001,100,92
Comoros,2000,100,93
Comoros,1999,100,93
Comoros,1997,80,85
Comoros,1995,43,90
Congo,2012,60,70
Congo,2011,51,71
Congo,2010,57,77
Congo,2009,81,78
Congo,2008,72,76
Congo,2006,57,53
Congo,2005,14,28
Congo,2004,60,63
Congo,2003,72,69
Congo,2002,78,71
Congo,2001,,66
Congo,2000,63,69
Congo,1999,59,61
Cook Islands,2013,,50
Cook Islands,2012,,0
Cook Islands,2011,,0
Cook Islands,2008,,50
Cook Islands,2007,,100
Cook Islands,2005,,100
Cook Islands,2004,,0
Cook Islands,2002,,100
Cook Islands,2001,,0
Cook Islands,1999,,67
Cook Islands,1997,,100
Cook Islands,1996,,100
Cook Islands,1995,,100
Costa Rica,2013,50,88
Costa Rica,2012,88,86
Costa Rica,2011,81,88
Costa Rica,2010,80,88
Costa Rica,2009,0,57
Costa Rica,2008,84,89
Costa Rica,2007,68,86
Costa Rica,2006,68,86
Costa Rica,2005,67,90
Costa Rica,2003,78,91
Costa Rica,2002,63,79
Costa Rica,2001,,64
Costa Rica,2000,32,57
Costa Rica,1999,,81
Croatia,2013,17,44
Croatia,2012,22,9.0
Croatia,2010,76,76
Croatia,2009,50,63
Croatia,2008,,58
Croatia,2007,,61
Croatia,2006,62,31
Croatia,2005,33,40
Croatia,2004,29,33
Croatia,2003,,38
Croatia,2002,,70
Cuba,2013,28,84
Cuba,2012,30,85
Cuba,2011,68,88
Cuba,2010,82,90
Cuba,2009,74,90
Cuba,2008,80,88
Cuba,2007,83,91
Cuba,2006,83,90
Cuba,2005,67,90
Cuba,2004,80,92
Cuba,2003,82,93
Cuba,2002,80,92
Cuba,2001,89,93
Cuba,2000,84,93
Cuba,1999,86,91
Cuba,1998,84,94
Cuba,1997,80,90
Cuba,1996,75,92
Cuba,1995,82,90
Cyprus,2013,,50
Cyprus,2012,50,43
Cyprus,2011,100,64
Cyprus,2010,,26
Cyprus,2009,17,23
Cyprus,2008,100,50
Cyprus,2006,100,74
Cyprus,2005,100,64
Cyprus,2004,100,37
Cyprus,2003,,79
Cyprus,2002,100,75
Cyprus,2001,100,92
Cyprus,1998,,42
Cyprus,1995,,100
Czech Republic,2013,83,69
Czech Republic,2012,76,75
Czech Republic,2011,75,70
Czech Republic,2010,73,73
Czech Republic,2009,68,70
Czech Republic,2008,67,70
Czech Republic,2007,76,73
Czech Republic,2006,63,72
Czech Republic,2005,55,74
Czech Republic,2004,70,73
Czech Republic,2003,85,79
Czech Republic,2002,50,73
Czech Republic,2001,67,73
Czech Republic,2000,63,70
Czech Republic,1999,42,78
Czech Republic,1998,63,65
Czech Republic,1997,56,69
Czech Republic,1996,65,66
Czech Republic,1995,,60
Democratic People's Republic of Korea,2013,83,92
Democratic People's Republic of Korea,2012,84,92
Democratic People's Republic of Korea,2011,84,92
Democratic People's Republic of Korea,2010,84,91
Democratic People's Republic of Korea,2009,83,91
Democratic People's Republic of Korea,2008,82,90
Democratic People's Republic of Korea,2007,77,87
Democratic People's Republic of Korea,2006,77,88
Democratic People's Republic of Korea,2005,76,90
Democratic People's Republic of Korea,2004,75,91
Democratic People's Republic of Korea,2003,81,88
Democratic People's Republic of Korea,2002,81,88
Democratic People's Republic of Korea,2001,86,90
Democratic People's Republic of Korea,2000,86,82
Democratic People's Republic of Korea,1999,63,93
Democratic People's Republic of Korea,1998,85,83
Democratic People's Republic of Korea,1997,,34
Democratic People's Republic of Korea,1996,,62
Democratic Republic of the Congo,2013,66,87
Democratic Republic of the Congo,2012,74,88
Democratic Republic of the Congo,2011,74,87
Democratic Republic of the Congo,2010,76,89
Democratic Republic of the Congo,2009,77,88
Democratic Republic of the Congo,2008,75,86
Democratic Republic of the Congo,2007,75,86
Democratic Republic of the Congo,2006,67,60
Democratic Republic of the Congo,2005,74,85
Democratic Republic of the Congo,2004,71,85
Democratic Republic of the Congo,2003,72,83
Democratic Republic of the Congo,2002,67,78
Democratic Republic of the Congo,2001,,77
Democratic Republic of the Congo,2000,,78
Democratic Republic of the Congo,1999,67,69
Democratic Republic of the Congo,1998,31,70
Democratic Republic of the Congo,1997,46,64
Democratic Republic of the Congo,1996,33,48
Democratic Republic of the Congo,1995,72,74
Denmark,2013,48,59
Denmark,2012,60,64
Denmark,2011,59,62
Denmark,2010,63,74
Denmark,2009,74,74
Denmark,2008,90,78
Denmark,2007,50,79
Denmark,2006,68,71
Denmark,2005,91,85
Denmark,2004,70,86
Denmark,2003,78,84
Denmark,2002,90,77
Denmark,2001,64,88
Denmark,2000,87,86
Djibouti,2013,,75
Djibouti,2012,,31
Djibouti,2011,63,82
Djibouti,2010,70,80
Djibouti,2009,75,79
Djibouti,2008,76,84
Djibouti,2007,67,81
Djibouti,2006,69,80
Djibouti,2005,69,80
Djibouti,2004,67,78
Djibouti,2003,49,73
Djibouti,2002,73,82
Djibouti,2001,67,
Djibouti,2000,37,62
Djibouti,1999,59,72
Djibouti,1998,,79
Djibouti,1997,53,76
Djibouti,1996,63,77
Djibouti,1995,,75
Dominica,2013,,100
Dominica,2012,100,100
Dominica,2011,0,100
Dominica,2010,100,100
Dominica,2009,,100
Dominica,2008,,100
Dominica,2007,0,67
Dominica,2006,,50
Dominica,2001,,100
Dominica,1997,,83
Dominica,1996,,100
Dominican Republic,2013,51,83
Dominican Republic,2012,64,82
Dominican Republic,2011,61,83
Dominican Republic,2010,64,80
Dominican Republic,2009,53,62
Dominican Republic,2008,0,46
Dominican Republic,2007,38,78
Dominican Republic,2006,48,78
Dominican Republic,2005,60,84
Dominican Republic,2004,49,79
Dominican Republic,2003,59,80
Dominican Republic,2002,55,77
Dominican Republic,2001,56,78
Dominican Republic,2000,54,70
Dominican Republic,1999,,76
Dominican Republic,1998,,41
Dominican Republic,1997,,84
Dominican Republic,1996,,61
Dominican Republic,1995,,64
Ecuador,2013,53,75
Ecuador,2012,43,75
Ecuador,2011,35,73
Ecuador,2010,,76
Ecuador,2009,55,73
Ecuador,2008,69,75
Ecuador,2007,47,73
Ecuador,2006,56,57
Ecuador,2005,64,82
Ecuador,2004,59,84
Ecuador,2003,,84
Ecuador,2002,,84
Ecuador,2001,41,71
Ecuador,1999,69,66
Ecuador,1997,34,55
Ecuador,1996,,33
Ecuador,1995,,39
Egypt,2013,72,86
Egypt,2012,61,88
Egypt,2011,72,88
Egypt,2010,72,89
Egypt,2009,78,91
Egypt,2008,71,91
Egypt,2007,65,90
Egypt,2006,69,87
Egypt,2005,59,79
Egypt,2004,45,70
Egypt,2003,65,80
Egypt,2002,,88
Egypt,2001,67,82
Egypt,2000,63,87
Egypt,1999,60,85
Egypt,1998,63,83
Egypt,1997,52,78
Egypt,1996,57,51
Egypt,1995,,62
El Salvador,2013,76,93
El Salvador,2012,60,93
El Salvador,2011,90,93
El Salvador,2010,90,92
El Salvador,2009,88,91
El Salvador,2008,84,92
El Salvador,2007,83,91
El Salvador,2006,76,92
El Salvador,2005,68,93
El Salvador,2004,73,90
El Salvador,2003,75,88
El Salvador,2002,71,88
El Salvador,2001,75,88
El Salvador,2000,66,79
El Salvador,1999,60,78
El Salvador,1998,58,77
El Salvador,1997,,69
El Salvador,1996,,64
Equatorial Guinea,2013,53,62
Equatorial Guinea,2010,46,68
Equatorial Guinea,2009,50,65
Equatorial Guinea,2008,36,54
Equatorial Guinea,2007,19,58
Equatorial Guinea,2003,,51
Equatorial Guinea,1997,63,82
Equatorial Guinea,1996,67,77
Equatorial Guinea,1995,83,89
Eritrea,2013,77,89
Eritrea,2012,72,87
Eritrea,2011,69,76
Eritrea,2010,88,86
Eritrea,2009,82,86
Eritrea,2008,68,84
Eritrea,2007,78,88
Eritrea,2006,80,90
Eritrea,2005,,88
Eritrea,2004,,85
Eritrea,2003,,85
Eritrea,2002,87,82
Eritrea,2001,,80
Eritrea,2000,,76
Eritrea,1999,69,44
Eritrea,1998,81,73
Eritrea,1997,,83
Estonia,2013,60,87
Estonia,2012,20,74
Estonia,2011,31,64
Estonia,2010,40,66
Estonia,2009,48,64
Estonia,2008,44,64
Estonia,2007,52,66
Estonia,2006,53,71
Estonia,2005,42,77
Estonia,2004,42,76
Estonia,2003,29,70
Estonia,2002,40,67
Estonia,2001,33,64
Estonia,2000,56,70
Estonia,1999,62,63
Estonia,1998,,65
Ethiopia,2013,,89
Ethiopia,2012,43,91
Ethiopia,2011,78,89
Ethiopia,2010,83,77
Ethiopia,2009,67,81
Ethiopia,2008,75,80
Ethiopia,2007,63,84
Ethiopia,2006,69,84
Ethiopia,2005,56,78
Ethiopia,2004,54,79
Ethiopia,2003,60,70
Ethiopia,2002,60,76
Ethiopia,2001,64,76
Ethiopia,2000,71,80
Ethiopia,1999,74,74
Ethiopia,1998,60,74
Ethiopia,1997,69,72
Ethiopia,1996,71,71
Ethiopia,1995,79,61
Fiji,2013,64,77
Fiji,2012,71,86
Fiji,2011,57,91
Fiji,2010,67,64
Fiji,2009,80,83
Fiji,2008,,85
Fiji,2007,,80
Fiji,2006,,55
Fiji,2005,,65
Fiji,2003,50,86
Fiji,2002,100,78
Fiji,2001,,85
Fiji,2000,,85
Fiji,1999,92,92
Fiji,1998,,90
Fiji,1997,,91
Fiji,1996,,86
Fiji,1995,,86
Finland,2013,17,53
Finland,2012,55,44
Finland,2011,25,40
Finland,2010,50,47
Finland,2009,31,41
Finland,2008,50,40
Finland,2007,47,41
Gabon,2013,41,55
Gabon,2012,18,54
Gabon,2011,40,48
Gabon,2010,65,60
Gabon,2009,79,61
Gabon,2008,31,63
Gabon,2007,42,30
Gabon,2006,50,42
Gabon,2005,30,46
Gabon,2004,29,40
Gabon,2003,17,34
Gabon,2002,37,47
Gabon,2001,33,
Gabon,1998,,50
Gabon,1997,,50
Gabon,1995,,86
Gambia,2013,,86
Gambia,2012,77,85
Gambia,2011,78,88
Gambia,2010,36,88
Gambia,2009,72,89
Gambia,2008,74,84
Gambia,2007,75,84
Gambia,2006,,58
Gambia,2005,,87
Gambia,2004,74,86
Gambia,2003,56,75
Gambia,2002,41,74
Gambia,2001,74,71
Gambia,1997,,70
Gambia,1996,63,80
Gambia,1995,69,76
Georgia,2013,69,80
Georgia,2012,74,85
Georgia,2011,61,81
Georgia,2010,62,79
Georgia,2009,60,79
Georgia,2008,50,77
Georgia,2007,56,80
Georgia,2006,56,80
Georgia,2005,55,77
Georgia,2004,49,69
Georgia,2003,41,66
Georgia,2002,38,65
Georgia,2001,45,67
Georgia,2000,54,63
Georgia,1999,43,61
Georgia,1998,,78
Georgia,1997,,65
Georgia,1996,,73
Georgia,1995,32,58
Germany,2013,60,67
Germany,2012,61,74
Germany,2011,62,73
Germany,2010,72,76
Germany,2009,64,76
Germany,2008,75,78
Germany,2007,69,77
Germany,2006,40,44
Germany,2005,66,73
Germany,2004,66,71
Germany,2003,52,71
Germany,2002,68,69
Germany,2001,57,67
Germany,2000,71,77
Germany,1999,50,58
Germany,1998,50,54
Germany,1997,57,54
Ghana,2013,77,85
Ghana,2012,72,84
Ghana,2011,77,85
Ghana,2010,77,84
Ghana,2009,76,83
Ghana,2008,67,82
Ghana,2007,58,77
Ghana,2006,63,66
Ghana,2005,48,61
Ghana,2004,47,68
Ghana,2003,37,66
Ghana,2002,,60
Ghana,2001,,56
Ghana,2000,,50
Ghana,1999,,51
Ghana,1998,,54
Ghana,1997,,48
Ghana,1996,55,51
Ghana,1995,74,54
Grenada,2013,,100
Grenada,2012,,100
Grenada,2011,,100
Grenada,2010,,75
Grenada,2009,,60
Grenada,2008,,33
Grenada,2007,,100
Grenada,2005,,67
Grenada,2003,,50
Grenada,2002,,100
Grenada,1999,,67
Grenada,1998,,50
Grenada,1997,,75
Guatemala,2013,67,84
Guatemala,2012,71,88
Guatemala,2011,64,85
Guatemala,2010,64,82
Guatemala,2009,64,83
Guatemala,2008,65,82
Guatemala,2007,73,84
Guatemala,2006,,47
Guatemala,2004,,85
Guatemala,2003,71,91
Guatemala,2002,71,84
Guatemala,2001,69,85
Guatemala,2000,79,86
Guatemala,1999,78,81
Guatemala,1998,61,79
Guatemala,1997,48,73
Guatemala,1996,73,81
Guatemala,1995,73,61
Guinea,2013,,79
Guinea,2012,,82
Guinea,2011,64,84
Guinea,2010,68,80
Guinea,2009,,79
Guinea,2008,71,79
Guinea,2007,40,76
Guinea,2006,75,76
Guinea,2005,60,72
Guinea,2004,56,75
Guinea,2003,58,75
Guinea,2002,61,72
Guinea,2001,65,74
Guinea,2000,72,68
Guinea,1999,66,74
Guinea,1998,60,73
Guinea,1997,46,74
Guinea,1996,36,75
Guinea,1995,67,78
Guinea-Bissau,2013,22,77
Guinea-Bissau,2012,60,71
Guinea-Bissau,2011,68,69
Guinea-Bissau,2010,54,67
Guinea-Bissau,2009,64,66
Guinea-Bissau,2008,66,66
Guinea-Bissau,2007,88,67
Guinea-Bissau,2005,77,69
Guinea-Bissau,2004,70,73
Guinea-Bissau,2003,80,76
Guinea-Bissau,2002,66,56
Guinea-Bissau,2001,31,56
Guinea-Bissau,1999,25,35
Guinea-Bissau,1995,,65
Guyana,2013,47,67
Guyana,2012,50,65
Guyana,2011,49,65
Guyana,2010,52,64
Guyana,2009,51,64
Guyana,2008,26,62
Guyana,2007,54,65
Guyana,2006,31,58
Guyana,2005,57,55
Guyana,2004,100,41
Guyana,2003,70,55
Guyana,2002,74,66
Guyana,2001,60,73
Guyana,2000,53,55
Guyana,1999,71,55
Guyana,1997,,15
Guyana,1996,,76
Guyana,1995,,44
Haiti,2013,75,81
Haiti,2012,67,81
Haiti,2011,72,82
Haiti,2010,75,79
Haiti,2009,69,77
Haiti,2008,,
Haiti,2007,69,77
Haiti,2006,66,77
Haiti,2005,70,77
Haiti,2004,67,73
Haiti,2003,69,75
Haiti,2002,69,75
Haiti,2001,62,73
Haiti,2000,56,71
Haiti,1999,66,67
Haiti,1998,77,67
Haiti,1997,,71
Haiti,1996,,57
Haiti,1995,,70
Honduras,2013,81,89
Honduras,2012,17,89
Honduras,2011,68,88
Honduras,2010,75,85
Honduras,2009,57,86
Honduras,2008,70,85
Honduras,2007,100,90
Honduras,2006,71,86
Honduras,2005,69,88
Honduras,2004,66,85
Honduras,2003,83,87
Honduras,2002,90,87
Honduras,2001,70,86
Honduras,2000,54,86
Honduras,1999,72,82
Honduras,1998,88,80
Honduras,1997,,70
Honduras,1996,,68
Honduras,1995,,64
Hungary,2013,60,74
Hungary,2012,53,70
Hungary,2011,58,76
Hungary,2010,61,74
Hungary,2009,61,67
Hungary,2008,56,62
Hungary,2007,51,60
Hungary,2006,41,62
Hungary,2005,49,63
Hungary,2004,55,66
Hungary,2003,40,48
Hungary,2002,39,55
Hungary,2001,32,46
Hungary,2000,35,64
Hungary,1998,78,80
Hungary,1997,,75
Hungary,1996,,52
Iceland,2013,,91
Iceland,2012,,90
Iceland,2011,100,89
Iceland,2010,,91
Iceland,2009,100,71
Iceland,2008,,100
Iceland,2007,50,92
Iceland,2006,,85
Iceland,2005,,100
Iceland,2004,100,91
Iceland,2003,,100
Iceland,2002,,100
Iceland,2001,,67
Iceland,2000,100,100
Iceland,1999,50,100
Iceland,1998,,100
Iceland,1997,,75
Iceland,1996,,100
Iceland,1995,,100
India,2013,66,88
India,2012,74,88
India,2011,75,89
India,2010,74,89
India,2009,75,89
India,2008,74,88
India,2007,65,88
India,2006,72,87
India,2005,71,87
India,2004,73,81
India,2003,70,76
India,2002,72,60
India,2001,58,54
India,2000,70,34
India,1999,69,21
India,1998,72,27
India,1997,65,18
India,1996,67,21
India,1995,70,25
Indonesia,2013,64,88
Indonesia,2012,71,86
Indonesia,2011,71,88
Indonesia,2010,73,89
Indonesia,2009,72,89
Indonesia,2008,72,90
Indonesia,2007,77,90
Indonesia,2006,77,90
Indonesia,2005,78,89
Indonesia,2004,82,87
Indonesia,2003,78,87
Indonesia,2002,78,86
Indonesia,2001,83,86
Indonesia,2000,72,87
Indonesia,1999,70,50
Indonesia,1998,73,58
Indonesia,1997,,54
Indonesia,1996,,81
Indonesia,1995,32,91
Iran (Islamic Republic of),2013,82,87
Iran (Islamic Republic of),2012,84,87
Iran (Islamic Republic of),2011,72,84
Iran (Islamic Republic of),2010,69,83
Iran (Islamic Republic of),2009,73,82
Iran (Islamic Republic of),2008,72,83
Iran (Islamic Republic of),2007,77,82
Iran (Islamic Republic of),2006,74,83
Iran (Islamic Republic of),2005,76,77
Iran (Islamic Republic of),2004,74,83
Iran (Islamic Republic of),2003,77,84
Iran (Islamic Republic of),2002,74,85
Iran (Islamic Republic of),2001,76,85
Iran (Islamic Republic of),2000,76,85
Iran (Islamic Republic of),1999,72,82
Iran (Islamic Republic of),1998,,82
Iran (Islamic Republic of),1997,76,83
Iran (Islamic Republic of),1996,82,83
Iraq,2013,79,88
Iraq,2012,81,91
Iraq,2011,75,90
Iraq,2010,75,90
Iraq,2009,84,90
Iraq,2008,81,89
Iraq,2007,73,88
Iraq,2006,75,86
Iraq,2005,72,88
Iraq,2004,71,85
Iraq,2003,80,85
Iraq,2002,75,91
Iraq,2001,75,89
Iraq,2000,,92
Iraq,1999,69,62
Iraq,1998,,60
Iraq,1997,,67
Iraq,1996,,77
Iraq,1995,,80
Ireland,2013,62,59
Ireland,2012,44,61
Ireland,2011,54,61
Ireland,2010,55,74
Ireland,2009,62,65
Ireland,2008,69,74
Ireland,2007,62,73
Ireland,2006,42,61
Ireland,2005,64,71
Ireland,2004,58,73
Ireland,2003,,70
Ireland,2002,,77
Ireland,2001,43,56
Ireland,2000,40,84
Ireland,1999,,48
Israel,2013,,84
Israel,2012,,81
Israel,2011,50,78
Israel,2010,80,84
Israel,2009,67,88
Israel,2008,75,88
Israel,2007,100,82
Israel,2006,80,84
Israel,2005,86,86
Israel,2004,85,87
Israel,2003,87,84
Israel,2002,93,87
Israel,2001,71,86
Israel,2000,38,86
Israel,1999,50,85
Italy,2003,100,95
Italy,2002,63,79
Italy,2001,52,40
Italy,2000,46,74
Italy,1999,53,71
Italy,1998,73,72
Italy,1997,75,69
Italy,1996,73,82
Italy,1995,48,80
Jamaica,2013,,77
Jamaica,2012,,65
Jamaica,2011,25,44
Jamaica,2010,32,36
Jamaica,2009,74,66
Jamaica,2008,67,59
Jamaica,2007,,63
Jamaica,2006,80,45
Jamaica,2005,20,53
Jamaica,2004,43,43
Jamaica,2003,73,53
Jamaica,2002,71,49
Jamaica,2001,67,
Jamaica,2000,,45
Jamaica,1999,86,74
Jamaica,1998,90,89
Jamaica,1997,86,79
Jamaica,1996,100,72
Jamaica,1995,67,67
Japan,2013,46,54
Japan,2012,49,54
Japan,2011,46,55
Japan,2010,47,56
Japan,2009,48,56
Japan,2008,44,51
Japan,2007,38,48
Japan,2006,45,54
Japan,2005,45,51
Japan,2004,42,49
Japan,2003,72,65
Japan,2002,71,63
Japan,2001,57,58
Japan,2000,47,45
Japan,1999,41,39
Japan,1998,,80
Jordan,2013,86,88
Jordan,2012,46,90
Jordan,2011,80,90
Jordan,2010,60,90
Jordan,2009,79,85
Jordan,2008,75,84
Jordan,2007,67,84
Jordan,2006,77,80
Jordan,2005,,83
Jordan,2004,50,89
Jordan,2003,75,87
Jordan,2002,75,89
Jordan,2001,60,86
Jordan,2000,100,90
Jordan,1999,73,88
Jordan,1998,50,92
Jordan,1997,,85
Jordan,1995,,92
Kazakhstan,2013,63,89
Kazakhstan,2012,78,86
Kazakhstan,2011,36,76
Kazakhstan,2010,47,76
Kazakhstan,2009,48,78
Kazakhstan,2008,42,80
Kazakhstan,2007,53,83
Kazakhstan,2006,37,83
Kazakhstan,2005,47,84
Kazakhstan,2004,49,84
Kazakhstan,2003,51,75
Kazakhstan,2002,64,78
Kazakhstan,2001,66,78
Kazakhstan,2000,66,79
Kazakhstan,1999,66,79
Kazakhstan,1998,,79
Kazakhstan,1997,,74
Kenya,2013,78,86
Kenya,2012,78,86
Kenya,2011,82,87
Kenya,2010,79,86
Kenya,2009,78,84
Kenya,2008,72,84
Kenya,2007,80,83
Kenya,2006,79,83
Kenya,2005,77,81
Kenya,2004,76,77
Kenya,2003,75,80
Kenya,2002,77,79
Kenya,2001,77,80
Kenya,2000,76,80
Kenya,1999,74,79
Kenya,1998,64,77
Kenya,1997,55,65
Kenya,1996,59,77
Kenya,1995,72,75
Kiribati,2013,88,86
Kiribati,2012,85,89
Kiribati,2011,74,91
Kiribati,2010,70,90
Kiribati,2009,100,93
Kiribati,2008,76,89
Kiribati,2007,100,87
Kiribati,2006,80,86
Kiribati,2005,100,91
Kiribati,2004,67,89
Kiribati,2003,100,88
Kiribati,2002,100,94
Kiribati,2001,100,86
Kiribati,2000,89,91
Kiribati,1999,75,88
Kiribati,1998,,83
Kiribati,1995,,87
Kuwait,2013,,82
Kuwait,2012,,
Kuwait,2011,,87
Kuwait,2010,100,89
Kuwait,2009,100,86
Kuwait,2008,100,83
Kuwait,2007,100,84
Kuwait,2006,,85
Kuwait,2005,100,80
Kuwait,2004,100,69
Kuwait,2003,100,62
Kuwait,2002,,55
Kuwait,2001,,73
Kuwait,2000,,69
Kuwait,1999,,66
Kuwait,1998,,70
Kuwait,1997,,71
Kuwait,1996,,73
Kuwait,1995,,71
Kyrgyzstan,2013,76,85
Kyrgyzstan,2012,,
Kyrgyzstan,2011,56,84
Kyrgyzstan,2010,,
Kyrgyzstan,2009,71,89
Kyrgyzstan,2008,70,90
Kyrgyzstan,2007,67,89
Kyrgyzstan,2006,71,89
Kyrgyzstan,2005,71,91
Kyrgyzstan,2004,74,90
Kyrgyzstan,2003,74,84
Kyrgyzstan,2002,43,82
Kyrgyzstan,2001,76,81
Kyrgyzstan,2000,73,82
Kyrgyzstan,1999,68,83
Kyrgyzstan,1998,,82
Kyrgyzstan,1997,,76
Kyrgyzstan,1996,61,50
Lao People's Democratic Republic,2013,50,87
Lao People's Democratic Republic,2012,79,90
Lao People's Democratic Republic,2011,81,90
Lao People's Democratic Republic,2010,82,91
Lao People's Democratic Republic,2009,89,93
Lao People's Democratic Republic,2008,90,93
Lao People's Democratic Republic,2007,86,92
Lao People's Democratic Republic,2006,82,92
Lao People's Democratic Republic,2005,87,90
Lao People's Democratic Republic,2004,78,86
Lao People's Democratic Republic,2003,53,79
Lao People's Democratic Republic,2002,68,75
Lao People's Democratic Republic,2001,52,75
Lao People's Democratic Republic,2000,48,77
Lao People's Democratic Republic,1999,61,78
Lao People's Democratic Republic,1998,55,80
Lao People's Democratic Republic,1997,56,65
Lao People's Democratic Republic,1996,48,55
Lao People's Democratic Republic,1995,100,70
Latvia,2013,81,83
Latvia,2012,50,87
Latvia,2011,51,77
Latvia,2010,62,78
Latvia,2009,45,77
Latvia,2008,57,77
Latvia,2007,58,83
Latvia,2006,44,79
Latvia,2005,51,79
Latvia,2004,48,79
Latvia,2003,45,74
Latvia,2002,38,76
Latvia,2001,46,73
Latvia,2000,41,72
Latvia,1999,45,74
Latvia,1998,74,71
Latvia,1997,70,65
Latvia,1996,,64
Latvia,1995,,61
Lebanon,2013,,71
Lebanon,2012,,71
Lebanon,2011,100,78
Lebanon,2010,75,81
Lebanon,2009,80,85
Lebanon,2008,64,84
Lebanon,2007,100,80
Lebanon,2006,100,89
Lebanon,2005,100,92
Lebanon,2004,57,90
Lebanon,2003,78,92
Lebanon,2002,100,91
Lebanon,2001,29,91
Lebanon,2000,80,92
Lebanon,1999,83,96
Lebanon,1998,,73
Lebanon,1997,,65
Lebanon,1996,,73
Lebanon,1995,,91
Lesotho,2013,62,70
Lesotho,2012,63,71
Lesotho,2011,58,69
Lesotho,2010,58,65
Lesotho,2009,62,66
Lesotho,2008,62,68
Lesotho,2007,54,59
Lesotho,2006,54,62
Lesotho,2005,71,73
Lesotho,2004,,57
Lesotho,2003,77,70
Lesotho,2002,,71
Lesotho,2001,64,71
Lesotho,1999,61,69
Lesotho,1997,67,63
Lesotho,1996,64,71
Lesotho,1995,,47
Liberia,2013,64,40
Liberia,2012,46,79
Liberia,2011,82,87
Liberia,2009,85,86
Liberia,2008,88,84
Liberia,2007,81,71
Liberia,2005,84,75
Liberia,2004,77,70
Liberia,2003,37,73
Liberia,2002,,76
Liberia,2001,64,76
Liberia,2000,61,80
Liberia,1999,53,74
Liberia,1997,56,75
Liberia,1995,,79
Libya,2013,20,59
Libya,2012,27,60
Libya,2011,,59
Libya,2010,33,61
Libya,2008,38,70
Libya,2007,,64
Libya,2006,,77
Libya,2005,,69
Libya,2004,,64
Libya,2003,,62
Libya,2002,,61
Libya,1999,,67
Libya,1998,,68
Libya,1995,,65
Lithuania,2013,37,80
Lithuania,2012,57,80
Lithuania,2011,33,78
Lithuania,2010,32,74
Lithuania,2009,28,77
Lithuania,2008,35,77
Lithuania,2007,30,75
Lithuania,2006,36,79
Lithuania,2005,29,79
Lithuania,2004,32,81
Lithuania,2003,32,74
Lithuania,2002,39,71
Lithuania,2001,38,72
Lithuania,2000,45,73
Lithuania,1999,43,72
Lithuania,1998,79,69
Lithuania,1997,,65
Lithuania,1996,,78
Luxembourg,2013,,0
Luxembourg,2010,,0
Luxembourg,1997,,100
Luxembourg,1996,,100
Luxembourg,1995,,100
Madagascar,2013,75,82
Madagascar,2012,77,82
Madagascar,2011,80,83
Madagascar,2010,74,81
Madagascar,2009,73,80
Madagascar,2008,77,80
Madagascar,2007,75,78
Madagascar,2006,72,77
Madagascar,2005,72,74
Madagascar,2004,68,71
Madagascar,2003,,71
Madagascar,2002,69,74
Madagascar,2001,67,69
Madagascar,2000,,70
Madagascar,1997,62,64
Madagascar,1995,,55
Malawi,2013,,82
Malawi,2012,57,82
Malawi,2011,82,83
Malawi,2010,77,83
Malawi,2009,85,85
Malawi,2008,84,81
Malawi,2007,84,84
Malawi,2006,80,79
Malawi,2005,75,74
Malawi,2004,73,70
Malawi,2003,70,73
Malawi,2002,71,72
Malawi,2001,69,70
Malawi,2000,67,73
Malawi,1999,71,71
Malawi,1998,65,69
Malawi,1997,71,71
Malawi,1996,64,68
Malawi,1995,69,71
Malaysia,2013,46,76
Malaysia,2012,57,78
Malaysia,2011,54,76
Malaysia,2010,59,76
Malaysia,2009,61,73
Malaysia,2008,61,75
Malaysia,2007,41,71
Malaysia,2006,35,45
Malaysia,2005,55,66
Malaysia,2004,35,52
Malaysia,2003,63,72
Malaysia,2002,,76
Malaysia,2001,,79
Malaysia,2000,,78
Malaysia,1999,,90
Malaysia,1995,,69
Maldives,2013,75,84
Maldives,2012,100,79
Maldives,2011,,87
Maldives,2010,,81
Maldives,2009,0,40
Maldives,2008,,71
Maldives,2007,,64
Maldives,2006,80,89
Maldives,2005,100,89
Maldives,2004,80,97
Maldives,2003,100,91
Maldives,2002,75,95
Maldives,2001,100,97
Maldives,2000,100,97
Maldives,1999,100,94
Maldives,1998,100,94
Maldives,1997,50,94
Maldives,1996,100,93
Maldives,1995,,97
Mali,2013,76,74
Mali,2012,73,93
Mali,2011,69,69
Mali,2010,99,77
Mali,2009,75,79
Mali,2008,74,81
Mali,2007,76,77
Mali,2006,68,76
Mali,2005,73,75
Mali,2004,65,71
Mali,2003,59,65
Mali,2002,47,50
Mali,2001,56,50
Mali,1999,,69
Mali,1998,65,70
Mali,1997,,62
Mali,1996,,65
Mali,1995,,59
Malta,2013,,76
Malta,2012,,24
Malta,2011,100,69
Malta,2010,67,65
Malta,2009,50,76
Malta,2008,71,74
Malta,2007,,78
Malta,2006,,100
Malta,2005,100,96
Malta,2004,100,89
Malta,2003,,100
Malta,2002,,60
Malta,2001,,100
Malta,2000,100,100
Malta,1999,,75
Malta,1998,100,100
Malta,1997,50,100
Malta,1996,,100
Malta,1995,,100
Marshall Islands,2013,0,89
Marshall Islands,2012,100,86
Marshall Islands,2011,100,83
Marshall Islands,2010,50,84
Marshall Islands,2009,88,81
Marshall Islands,2008,50,88
Marshall Islands,2007,75,85
Marshall Islands,2006,38,63
Marshall Islands,2005,70,62
Marshall Islands,2004,88,89
Marshall Islands,2003,75,90
Marshall Islands,2002,,100
Marshall Islands,2001,,86
Marshall Islands,2000,,91
Marshall Islands,1999,,82
Marshall Islands,1998,100,83
Marshall Islands,1995,,25
Mauritania,2013,71,71
Mauritania,2012,71,68
Mauritania,2011,53,70
Mauritania,2010,59,70
Mauritania,2009,62,60
Mauritania,2008,58,68
Mauritania,2007,55,66
Mauritania,2006,33,41
Mauritania,2005,,55
Mauritania,2004,4.0,22
Mauritania,2003,51,58
Mauritius,2013,,88
Mauritius,2012,100,91
Mauritius,2011,80,90
Mauritius,2010,86,91
Mauritius,2009,60,89
Mauritius,2008,50,88
Mauritius,2007,50,85
Mauritius,2006,100,93
Mauritius,2005,80,86
Mauritius,2004,83,89
Mauritius,2003,50,87
Mauritius,2002,50,92
Mauritius,2001,50,93
Mauritius,2000,0,93
Mauritius,1999,67,87
Mauritius,1998,75,91
Mexico,2013,55,80
Mexico,2012,52,80
Mexico,2011,61,82
Mexico,2010,63,82
Mexico,2009,61,83
Mexico,2008,62,81
Mexico,2007,66,80
Mexico,2006,59,77
Mexico,2005,55,74
Mexico,2004,61,81
Mexico,2003,33,82
Mexico,2002,58,83
Mexico,2001,55,
Mexico,2000,37,76
Mexico,1999,37,78
Mexico,1998,,75
Mexico,1997,60,70
Mexico,1996,,54
Mexico,1995,,75
Micronesia (Federated States of),2013,20,91
Micronesia (Federated States of),2012,,
Micronesia (Federated States of),2011,100,93
Micronesia (Federated States of),2010,30,88
Micronesia (Federated States of),2009,19,81
Micronesia (Federated States of),2008,60,52
Micronesia (Federated States of),2007,25,63
Micronesia (Federated States of),2006,50,90
Micronesia (Federated States of),2005,100,83
Micronesia (Federated States of),2004,,80
Micronesia (Federated States of),2003,50,92
Micronesia (Federated States of),2002,0,91
Micronesia (Federated States of),2001,75,100
Micronesia (Federated States of),2000,85,93
Micronesia (Federated States of),1999,100,95
Micronesia (Federated States of),1996,,79
Micronesia (Federated States of),1995,100,80
Mongolia,2013,79,89
Mongolia,2012,77,88
Mongolia,2011,74,90
Mongolia,2010,80,91
Mongolia,2009,73,92
Mongolia,2008,73,92
Mongolia,2007,76,93
Mongolia,2006,72,91
Mongolia,2005,73,91
Mongolia,2004,70,91
Mongolia,2003,72,87
Mongolia,2002,69,87
Mongolia,2001,72,87
Mongolia,2000,71,87
Mongolia,1999,81,86
Mongolia,1998,77,84
Mongolia,1997,78,74
Mongolia,1996,61,78
Mongolia,1995,61,74
Montenegro,2013,0,87
Montenegro,2012,,84
Montenegro,2011,83,86
Montenegro,2010,86,87
Montenegro,2009,73,85
Montenegro,2008,80,83
Montenegro,2007,57,78
Montenegro,2006,32,44
Montenegro,2005,20,26
Morocco,2013,66,89
Morocco,2012,50,89
Morocco,2011,66,81
Morocco,2010,64,88
Morocco,2009,69,87
Morocco,2008,73,88
Morocco,2007,73,88
Morocco,2006,72,88
Morocco,2005,72,83
Morocco,2004,,86
Morocco,2003,70,86
Morocco,2002,74,89
Morocco,2001,72,
Morocco,2000,,89
Morocco,1999,,88
Morocco,1998,83,88
Morocco,1997,72,89
Morocco,1996,72,88
Morocco,1995,76,90
Mozambique,2013,,88
Mozambique,2012,0,87
Mozambique,2011,,
Mozambique,2010,,85
Mozambique,2009,,85
Mozambique,2008,65,84
Mozambique,2007,70,79
Mozambique,2006,65,83
Mozambique,2005,70,79
Mozambique,2004,,77
Mozambique,2003,68,76
Mozambique,2002,67,78
Mozambique,2001,68,78
Mozambique,2000,71,75
Mozambique,1999,71,71
Mozambique,1997,64,65
Mozambique,1996,70,55
Mozambique,1995,,39
Myanmar,2013,71,87
Myanmar,2012,70,89
Myanmar,2011,72,88
Myanmar,2010,73,88
Myanmar,2009,73,84
Myanmar,2008,73,84
Myanmar,2007,53,84
Myanmar,2006,70,83
Myanmar,2005,71,83
Myanmar,2004,74,82
Myanmar,2003,70,81
Myanmar,2002,75,81
Myanmar,2001,74,81
Myanmar,2000,74,82
Myanmar,1999,71,81
Myanmar,1998,76,82
Myanmar,1997,74,82
Myanmar,1996,78,79
Myanmar,1995,64,67
Namibia,2013,71,86
Namibia,2012,78,85
Namibia,2011,80,86
Namibia,2010,78,85
Namibia,2009,73,80
Namibia,2008,74,81
Namibia,2007,65,77
Namibia,2006,63,75
Namibia,2005,52,69
Namibia,2004,53,46
Namibia,2003,58,63
Namibia,2002,65,66
Namibia,2001,64,63
Namibia,2000,55,56
Namibia,1999,48,51
Namibia,1998,53,61
Namibia,1997,62,58
Namibia,1996,63,66
Nauru,2013,,67
Nauru,2010,,40
Nauru,2009,100,100
Nauru,2008,,100
Nauru,2007,100,100
Nauru,2006,,58
Nauru,2005,,82
Nauru,2002,,50
Nauru,2001,,100
Nauru,2000,,25
Nauru,1999,0,50
Nauru,1998,,83
Nepal,2013,74,91
Nepal,2012,77,91
Nepal,2011,85,91
Nepal,2010,85,91
Nepal,2009,85,91
Nepal,2008,76,90
Nepal,2007,82,88
Nepal,2006,84,89
Nepal,2005,83,89
Nepal,2004,81,88
Nepal,2003,80,87
Nepal,2002,82,86
Nepal,2001,80,87
Nepal,2000,77,84
Nepal,1999,78,82
Nepal,1998,77,85
Nepal,1997,78,69
Nepal,1996,56,65
Nepal,1995,,73
Netherlands,2013,75,88
Netherlands,2012,64,83
Netherlands,2011,80,84
Netherlands,2010,76,84
Netherlands,2009,74,84
Netherlands,2008,74,84
Netherlands,2007,73,81
Netherlands,2006,,
Netherlands,2005,79,87
Netherlands,2004,69,82
Netherlands,2003,65,86
Netherlands,2002,43,68
Netherlands,2000,50,76
Netherlands,1999,62,79
Netherlands,1998,85,65
Netherlands,1997,85,80
Netherlands,1996,74,81
Netherlands,1995,,72
New Zealand,2013,80,84
New Zealand,2012,80,81
New Zealand,2011,50,64
New Zealand,2010,73,80
New Zealand,2009,67,80
New Zealand,2008,91,80
New Zealand,2007,65,86
New Zealand,2006,90,77
New Zealand,2005,67,73
New Zealand,2004,63,71
New Zealand,2003,60,
New Zealand,2002,67,60
New Zealand,2001,,9.0
New Zealand,2000,30,30
Nicaragua,2013,69,84
Nicaragua,2012,,87
Nicaragua,2011,69,86
Nicaragua,2010,76,85
Nicaragua,2009,76,85
Nicaragua,2008,97,89
Nicaragua,2007,78,86
Nicaragua,2006,,89
Nicaragua,2005,83,85
Nicaragua,2004,79,87
Nicaragua,2003,68,84
Nicaragua,2002,77,82
Nicaragua,2001,72,83
Nicaragua,2000,75,82
Nicaragua,1999,81,81
Nicaragua,1998,81,82
Nicaragua,1997,79,81
Nicaragua,1996,75,79
Nicaragua,1995,78,80
Niger,2013,73,79
Niger,2012,67,77
Niger,2011,76,80
Niger,2010,75,81
Niger,2009,76,79
Niger,2008,79,79
Niger,2007,75,79
Niger,2006,74,77
Niger,2005,,74
Niger,2004,,61
Niger,2003,,70
Niger,2002,,58
Niger,2001,,64
Niger,2000,,65
Niger,1999,58,60
Niger,1997,50,66
Niger,1996,61,57
Nigeria,2013,83,86
Nigeria,2012,83,86
Nigeria,2011,82,85
Nigeria,2010,82,81
Nigeria,2009,81,84
Nigeria,2008,76,78
Nigeria,2007,67,82
Nigeria,2006,77,76
Nigeria,2005,66,75
Nigeria,2004,73,73
Nigeria,2003,,78
Nigeria,2002,73,79
Nigeria,2001,71,79
Nigeria,2000,71,79
Nigeria,1999,74,75
Nigeria,1998,,73
Nigeria,1997,,73
Nigeria,1996,71,32
Nigeria,1995,,49
Niue,2002,,100
Niue,1999,100,100
Norway,2013,79,89
Norway,2012,75,79
Norway,2011,79,88
Norway,2010,73,89
Norway,2009,80,86
Norway,2008,72,87
Norway,2007,56,71
Norway,2006,55,88
Norway,2005,78,91
Norway,2004,89,88
Norway,2003,50,97
Norway,2002,75,80
Norway,2001,100,87
Norway,2000,33,70
Norway,1999,100,77
Norway,1998,84,69
Norway,1997,78,44
Norway,1996,71,80
Norway,1995,,77
Oman,2013,,96
Oman,2012,100,97
Oman,2011,67,98
Oman,2010,100,98
Oman,2009,100,98
Oman,2008,100,97
Oman,2007,100,93
Oman,2006,100,88
Oman,2005,,94
Oman,2004,,93
Oman,2003,100,90
Oman,2002,100,92
Oman,2001,67,90
Oman,2000,86,93
Oman,1999,,95
Oman,1998,100,86
Oman,1997,50,91
Oman,1996,50,87
Oman,1995,,84
Pakistan,2013,80,93
Pakistan,2012,81,91
Pakistan,2011,80,92
Pakistan,2010,84,90
Pakistan,2009,82,91
Pakistan,2008,79,89
Pakistan,2007,79,90
Pakistan,2006,77,86
Pakistan,2005,76,82
Pakistan,2004,78,80
Pakistan,2003,66,79
Pakistan,2002,66,78
Pakistan,2001,,77
Pakistan,2000,54,74
Pakistan,1999,75,70
Pakistan,1998,92,23
Pakistan,1997,57,67
Pakistan,1995,70,70
Palau,2013,,88
Palau,2012,,100
Palau,2011,,63
Palau,2010,,84
Palau,2009,,84
Palau,2006,,67
Palau,2005,,100
Palau,2004,,100
Palau,2003,,80
Palau,2002,,38
Palau,2001,,100
Palau,1998,,100
Palau,1996,,75
Palau,1995,,67
Panama,2013,48,80
Panama,2012,49,80
Panama,2011,59,81
Panama,2010,56,75
Panama,2009,48,79
Panama,2008,46,76
Panama,2007,49,77
Panama,2006,57,78
Panama,2005,58,78
Panama,2004,57,75
Panama,2003,54,63
Panama,2002,55,71
Panama,2001,49,64
Panama,2000,43,60
Panama,1999,40,44
Panama,1998,40,52
Panama,1997,27,52
Panama,1995,,69
Papua New Guinea,2013,57,67
Papua New Guinea,2012,56,68
Papua New Guinea,2011,52,69
Papua New Guinea,2010,46,50
Papua New Guinea,2009,58,67
Papua New Guinea,2008,,64
Papua New Guinea,2007,,59
Papua New Guinea,2006,,71
Papua New Guinea,2005,55,66
Papua New Guinea,2004,53,60
Papua New Guinea,2003,47,58
Papua New Guinea,2002,51,53
Papua New Guinea,2001,60,67
Papua New Guinea,2000,65,63
Papua New Guinea,1999,60,54
Papua New Guinea,1998,53,63
Papua New Guinea,1997,67,93
Papua New Guinea,1995,,56
Paraguay,2013,48,68
Paraguay,2012,54,70
Paraguay,2011,67,71
Paraguay,2010,60,70
Paraguay,2009,56,74
Paraguay,2008,60,71
Paraguay,2007,70,71
Paraguay,2006,70,65
Paraguay,2005,70,65
Paraguay,2004,,68
Paraguay,2003,81,76
Paraguay,2002,81,75
Paraguay,2001,64,72
Paraguay,2000,59,66
Paraguay,1999,,71
Paraguay,1998,,56
Paraguay,1996,,16
Paraguay,1995,,51
Peru,2013,59,79
Peru,2012,,67
Peru,2011,,74
Peru,2010,,68
Peru,2009,70,81
Peru,2008,,82
Peru,2007,81,92
Peru,2006,73,78
Peru,2005,78,91
Peru,2004,79,90
Peru,2003,80,89
Peru,2002,83,92
Peru,2001,79,90
Peru,2000,78,90
Peru,1999,81,93
Peru,1998,83,92
Peru,1997,,90
Peru,1996,74,89
Peru,1995,,83
Philippines,2013,86,90
Philippines,2012,,88
Philippines,2011,65,87
Philippines,2010,69,90
Philippines,2009,61,85
Philippines,2008,70,84
Philippines,2007,72,88
Philippines,2006,80,88
Philippines,2005,,89
Philippines,2004,53,78
Philippines,2003,76,88
Philippines,2002,,88
Philippines,2001,,88
Philippines,2000,,88
Philippines,1999,,87
Philippines,1998,83,71
Philippines,1997,26,78
Philippines,1996,66,35
Philippines,1995,,60
Poland,2013,42,59
Poland,2012,45,60
Poland,2011,54,62
Poland,2010,61,67
Poland,2009,62,68
Poland,2008,66,75
Poland,2007,66,78
Poland,2006,52,77
Poland,2005,53,78
Poland,2004,23,46
Poland,2003,70,78
Poland,2002,73,86
Poland,2001,71,76
Poland,2000,77,72
Poland,1999,68,69
Poland,1998,,75
Poland,1996,,83
Portugal,2013,56,74
Portugal,2012,77,78
Portugal,2011,61,77
Portugal,2010,66,74
Portugal,2009,69,83
Portugal,2008,77,87
Portugal,2007,72,85
Portugal,2006,77,87
Portugal,2005,74,87
Portugal,2004,68,83
Portugal,2003,73,84
Portugal,2002,75,82
Portugal,2001,62,78
Portugal,2000,75,79
Portugal,1999,80,85
Portugal,1998,75,74
Portugal,1997,,78
Portugal,1996,68,74
Portugal,1995,55,69
Qatar,2013,,85
Qatar,2011,,70
Qatar,2010,,87
Qatar,2009,,86
Qatar,2008,,88
Qatar,2007,,87
Qatar,2006,,69
Qatar,2005,,83
Qatar,2004,100,78
Qatar,2003,,73
Qatar,2002,,75
Qatar,2001,,60
Qatar,2000,,66
Qatar,1999,,74
Qatar,1998,,84
Qatar,1997,,79
Qatar,1996,,72
Qatar,1995,67,81
Republic of Korea,2013,74,82
Republic of Korea,2012,76,81
Republic of Korea,2011,74,81
Republic of Korea,2010,79,89
Republic of Korea,2009,71,83
Republic of Korea,2008,76,84
Republic of Korea,2007,72,83
Republic of Korea,2006,72,82
Republic of Korea,2005,75,83
Republic of Korea,2004,71,81
Republic of Korea,2003,69,82
Republic of Korea,2002,68,83
Republic of Korea,2001,53,79
Republic of Korea,2000,60,83
Republic of Korea,1999,,82
Republic of Korea,1997,,82
Republic of Korea,1996,53,71
Republic of Korea,1995,40,76
Republic of Moldova,2013,39,80
Republic of Moldova,2012,39,76
Republic of Moldova,2011,38,73
Republic of Moldova,2010,32,67
Republic of Moldova,2009,34,69
Republic of Moldova,2008,34,71
Republic of Moldova,2007,36,74
Republic of Moldova,2006,43,73
Republic of Moldova,2005,41,74
Republic of Moldova,2004,38,70
Republic of Moldova,2003,37,65
Republic of Moldova,2002,37,54
Republic of Moldova,2001,57,64
Republic of Moldova,2000,0,63
Republic of Moldova,1999,,60
Romania,2013,45,85
Romania,2012,45,85
Romania,2011,59,86
Romania,2010,55,84
Romania,2009,57,87
Romania,2008,53,86
Romania,2007,52,86
Romania,2006,51,85
Romania,2005,51,85
Romania,2004,50,82
Romania,2003,47,80
Romania,2002,47,74
Romania,2001,44,75
Romania,2000,44,70
Romania,1999,49,77
Romania,1998,89,42
Romania,1997,65,72
Romania,1996,,41
Romania,1995,,51
Russian Federation,2013,39,68
Russian Federation,2012,37,69
Russian Federation,2011,42,65
Russian Federation,2010,34,66
Russian Federation,2009,34,68
Russian Federation,2008,36,69
Russian Federation,2007,36,69
Russian Federation,2006,47,69
Russian Federation,2005,37,67
Russian Federation,2004,39,65
Russian Federation,2003,45,61
Russian Federation,2002,46,67
Russian Federation,2001,48,67
Russian Federation,2000,49,68
Russian Federation,1999,45,65
Russian Federation,1998,49,68
Russian Federation,1997,,67
Russian Federation,1996,64,57
Russian Federation,1995,58,65
Rwanda,2013,75,85
Rwanda,2012,79,84
Rwanda,2011,80,84
Rwanda,2010,74,82
Rwanda,2009,72,79
Rwanda,2008,73,82
Rwanda,2007,70,80
Rwanda,2006,72,77
Rwanda,2005,65,74
Rwanda,2004,,77
Rwanda,2003,55,67
Rwanda,2002,44,58
Rwanda,2000,54,61
Rwanda,1999,48,67
Rwanda,1998,64,72
Rwanda,1997,58,68
Rwanda,1996,41,61
Saint Kitts and Nevis,2012,,100
Saint Kitts and Nevis,2011,,100
Saint Kitts and Nevis,2010,,100
Saint Kitts and Nevis,2009,,80
Saint Kitts and Nevis,2008,,80
Saint Kitts and Nevis,2007,,25
Saint Kitts and Nevis,2006,,100
Saint Kitts and Nevis,2005,50,
Saint Kitts and Nevis,2004,0,0
Saint Kitts and Nevis,2002,,0
Saint Kitts and Nevis,1999,0,50
Saint Kitts and Nevis,1998,,25
Saint Kitts and Nevis,1995,,60
Saint Lucia,2013,,100
Saint Lucia,2012,,64
Saint Lucia,2011,,57
Saint Lucia,2010,,89
Saint Lucia,2009,33,50
Saint Lucia,2008,0,95
Saint Lucia,2007,100,86
Saint Lucia,2006,,81
Saint Lucia,2005,,69
Saint Lucia,2004,50,69
Saint Lucia,2003,80,89
Saint Lucia,2002,44,25
Saint Lucia,2001,100,50
Saint Lucia,2000,100,100
Saint Lucia,1999,100,89
Saint Lucia,1998,,82
Saint Lucia,1997,80,67
Saint Vincent and the Grenadines,2011,,41
Saint Vincent and the Grenadines,2010,,0
Saint Vincent and the Grenadines,2009,0,0
Saint Vincent and the Grenadines,2008,0,91
Saint Vincent and the Grenadines,2006,0,57
Saint Vincent and the Grenadines,2004,,86
Saint Vincent and the Grenadines,2002,0,
Saint Vincent and the Grenadines,2001,,80
Saint Vincent and the Grenadines,2000,100,100
Saint Vincent and the Grenadines,1999,0,88
Saint Vincent and the Grenadines,1997,,86
Samoa,2013,,83
Samoa,2012,,86
Samoa,2011,,83
Samoa,2010,,86
Samoa,2009,,83
Samoa,2008,,59
Samoa,2007,100,81
Samoa,2005,,96
Samoa,2004,,79
Samoa,2002,,84
Samoa,2001,,77
Samoa,2000,,92
Samoa,1999,,94
Samoa,1998,,86
Samoa,1996,100,100
Samoa,1995,,80
San Marino,2003,100,
San Marino,2000,,0
San Marino,1997,100,100
Sao Tome and Principe,2013,,73
Sao Tome and Principe,2012,42,70
Sao Tome and Principe,2011,31,69
Sao Tome and Principe,2010,50,76
Sao Tome and Principe,2009,67,85
Sao Tome and Principe,2008,67,92
Sao Tome and Principe,2007,60,89
Sao Tome and Principe,2006,67,99
Sao Tome and Principe,2005,,96
Sao Tome and Principe,2004,95,71
Sao Tome and Principe,2003,,71
Sao Tome and Principe,2002,,76
Sao Tome and Principe,2001,,63
Sao Tome and Principe,2000,,78
Sao Tome and Principe,1999,83,81
Saudi Arabia,2013,39,56
Saudi Arabia,2012,45,64
Saudi Arabia,2011,63,61
Saudi Arabia,2010,50,61
Saudi Arabia,2009,60,65
Saudi Arabia,2008,44,61
Saudi Arabia,2007,62,67
Saudi Arabia,2006,63,68
Saudi Arabia,2005,49,67
Saudi Arabia,2004,61,82
Saudi Arabia,2003,69,79
Saudi Arabia,2002,67,76
Saudi Arabia,2001,65,77
Saudi Arabia,2000,58,73
Saudi Arabia,1999,61,73
Saudi Arabia,1998,,62
Saudi Arabia,1997,,56
Saudi Arabia,1996,,54
Senegal,2013,74,87
Senegal,2012,69,84
Senegal,2011,68,83
Senegal,2010,60,82
Senegal,2009,71,81
Senegal,2008,75,79
Senegal,2007,67,68
Senegal,2006,65,76
Senegal,2005,63,76
Senegal,2004,57,74
Senegal,2003,61,70
Senegal,2002,49,66
Senegal,2001,43,53
Senegal,2000,48,52
Senegal,1999,45,58
Senegal,1998,54,48
Senegal,1997,55,55
Senegal,1996,62,44
Senegal,1995,56,44
Serbia,2013,69,78
Serbia,2012,73,84
Serbia,2011,78,86
Serbia,2010,76,88
Serbia,2009,74,87
Serbia,2008,76,88
Serbia,2007,73,83
Serbia,2006,74,82
Serbia,2005,73,83
Seychelles,2013,,79
Seychelles,2012,,85
Seychelles,2011,,48
Seychelles,2010,,76
Seychelles,2009,,73
Seychelles,2008,,100
Seychelles,2007,,86
Seychelles,2004,67,89
Seychelles,2003,,100
Seychelles,2002,,45
Seychelles,2001,,67
Seychelles,2000,,82
Seychelles,1999,,91
Seychelles,1997,,100
Seychelles,1996,,100
Seychelles,1995,,89
Sierra Leone,2013,71,87
Sierra Leone,2012,81,90
Sierra Leone,2011,70,87
Sierra Leone,2010,75,86
Sierra Leone,2009,69,80
Sierra Leone,2008,85,86
Sierra Leone,2007,90,88
Sierra Leone,2006,82,86
Sierra Leone,2005,75,86
Sierra Leone,2004,73,82
Sierra Leone,2003,77,83
Sierra Leone,2002,62,81
Sierra Leone,2001,69,80
Sierra Leone,2000,,77
Sierra Leone,1999,,75
Sierra Leone,1997,74,79
Sierra Leone,1996,79,74
Sierra Leone,1995,87,69
Singapore,2013,75,77
Singapore,2012,74,75
Singapore,2011,76,83
Singapore,2010,78,81
Singapore,2009,76,83
Singapore,2008,70,82
Singapore,2007,82,82
Singapore,2006,76,82
Singapore,2005,79,81
Singapore,2004,74,79
Singapore,2003,70,77
Singapore,2002,70,76
Singapore,2001,,77
Singapore,2000,,71
Singapore,1999,,93
Singapore,1998,82,84
Singapore,1995,,86
Slovakia,2013,67,94
Slovakia,2012,100,88
Slovakia,2011,88,93
Slovakia,2010,84,88
Slovakia,2009,82,87
Slovakia,2008,86,91
Slovakia,2007,86,89
Slovakia,2006,60,87
Slovakia,2005,87,93
Slovakia,2004,93,89
Slovakia,2003,85,87
Slovakia,2002,81,85
Slovakia,2001,74,87
Slovakia,2000,78,82
Slovakia,1999,68,79
Slovakia,1998,85,85
Slovakia,1997,74,67
Slovakia,1996,,73
Slovakia,1995,,64
Slovenia,2013,100,77
Slovenia,2012,,81
Slovenia,2011,100,81
Slovenia,2010,64,82
Slovenia,2009,88,84
Slovenia,2008,60,79
Slovenia,2007,83,84
Slovenia,2006,75,83
Slovenia,2005,85,82
Slovenia,2004,74,83
Slovenia,2003,93,85
Slovenia,2002,71,85
Slovenia,2001,80,82
Slovenia,2000,75,84
Slovenia,1999,69,88
Slovenia,1998,80,78
Slovenia,1997,,82
Slovenia,1996,68,87
Slovenia,1995,,90
Solomon Islands,2013,100,94
Solomon Islands,2012,91,88
Solomon Islands,2011,100,91
Solomon Islands,2010,80,89
Solomon Islands,2009,100,88
Solomon Islands,2008,100,93
Solomon Islands,2007,100,90
Solomon Islands,2006,100,88
Solomon Islands,2005,60,88
Solomon Islands,2004,92,85
Solomon Islands,2003,100,87
Solomon Islands,2002,100,90
Solomon Islands,2001,,89
Solomon Islands,2000,,81
Solomon Islands,1998,83,92
Solomon Islands,1997,100,92
Solomon Islands,1996,,73
Solomon Islands,1995,,65
Somalia,2013,43,86
Somalia,2012,71,88
Somalia,2011,72,86
Somalia,2010,62,74
Somalia,2009,60,63
Somalia,2008,52,81
Somalia,2007,,86
Somalia,2006,78,89
Somalia,2005,80,89
Somalia,2004,90,91
Somalia,2003,85,90
Somalia,2002,59,89
Somalia,2001,,86
Somalia,2000,54,83
Somalia,1999,80,88
Somalia,1998,85,88
Somalia,1997,91,90
Somalia,1996,82,84
Somalia,1995,,86
South Africa,2013,69,78
South Africa,2012,64,77
South Africa,2011,66,77
South Africa,2010,35,53
South Africa,2009,60,68
South Africa,2008,64,73
South Africa,2007,64,71
South Africa,2006,67,70
South Africa,2005,58,69
South Africa,2004,56,65
South Africa,2003,52,67
South Africa,2002,53,68
South Africa,2001,50,61
South Africa,2000,50,63
South Africa,1999,46,57
South Africa,1998,71,72
South Africa,1997,68,68
South Africa,1996,67,61
South Africa,1995,,58
South Sudan,2013,58,72
South Sudan,2012,40,52
South Sudan,2011,57,69
South Sudan,2010,57,70
Spain,2013,67,75
Spain,2012,60,71
Spain,2011,56,72
Spain,2010,56,69
Sri Lanka,2013,62,85
Sri Lanka,2012,59,86
Sri Lanka,2011,75,88
Sri Lanka,2010,77,88
Sri Lanka,2009,73,87
Sri Lanka,2008,70,87
Sri Lanka,2007,72,88
Sri Lanka,2006,71,87
Sri Lanka,2005,72,87
Sri Lanka,2004,68,85
Sri Lanka,2003,64,80
Sri Lanka,2002,60,81
Sri Lanka,2001,58,80
Sri Lanka,2000,64,79
Sri Lanka,1999,61,79
Sri Lanka,1998,62,76
Sri Lanka,1997,59,76
Sri Lanka,1996,,80
Sri Lanka,1995,,79
Sudan,2013,71,82
Sudan,2012,64,75
Sudan,2011,55,68
Sudan,2010,68,75
Sudan,2009,70,76
Sudan,2008,75,77
Sudan,2007,79,74
Sudan,2006,80,83
Sudan,2005,81,79
Sudan,2004,79,78
Sudan,2003,81,82
Sudan,2002,77,78
Sudan,2001,75,80
Sudan,2000,,75
Sudan,1999,,80
Sudan,1998,58,65
Sudan,1997,54,59
Sudan,1996,,26
Sudan,1995,,79
Suriname,2013,20,77
Suriname,2012,75,66
Suriname,2011,64,76
Suriname,2010,55,54
Suriname,2009,50,62
Suriname,2008,33,54
Suriname,2004,17,70
Suriname,2003,,69
Suriname,2002,,67
Suriname,2001,0,56
Suriname,2000,,68
Suriname,1999,,77
Suriname,1998,,63
Suriname,1995,,14
Swaziland,2013,66,75
Swaziland,2012,65,72
Swaziland,2011,59,72
Swaziland,2010,50,72
Swaziland,2009,55,67
Swaziland,2008,48,65
Swaziland,2007,37,51
Swaziland,2006,28,38
Swaziland,2005,28,36
Swaziland,2004,15,36
Swaziland,2003,,42
Swaziland,2002,29,47
Swaziland,2001,35,36
Sweden,2013,82,90
Sweden,2012,73,83
Sweden,2011,78,87
Sweden,2010,81,88
Sweden,2009,71,88
Sweden,2008,78,90
Sweden,2007,67,68
Sweden,2006,,63
Sweden,2005,75,69
Sweden,2004,57,64
Sweden,2003,82,83
Sweden,2002,46,73
Sweden,2001,43,62
Sweden,2000,78,79
Syrian Arab Republic,2013,75,80
Syrian Arab Republic,2012,62,53
Syrian Arab Republic,2011,70,84
Syrian Arab Republic,2010,81,91
Syrian Arab Republic,2009,70,90
Syrian Arab Republic,2008,76,87
Syrian Arab Republic,2007,72,88
Syrian Arab Republic,2006,71,88
Syrian Arab Republic,2005,67,89
Syrian Arab Republic,2004,66,88
Syrian Arab Republic,2003,64,88
Syrian Arab Republic,2002,56,87
Syrian Arab Republic,2001,42,81
Syrian Arab Republic,2000,54,78
Syrian Arab Republic,1999,,84
Syrian Arab Republic,1998,,88
Syrian Arab Republic,1997,50,65
Syrian Arab Republic,1996,75,68
Syrian Arab Republic,1995,,61
Tajikistan,2013,82,88
Tajikistan,2012,75,83
Tajikistan,2011,71,87
Tajikistan,2010,72,86
Tajikistan,2009,72,87
Tajikistan,2008,76,88
Tajikistan,2007,75,88
Tajikistan,2006,73,66
Tajikistan,2005,76,80
Tajikistan,2004,74,67
Tajikistan,2003,67,46
Tajikistan,2002,,79
Tajikistan,2001,56,72
Tajikistan,2000,,77
Tajikistan,1997,,75
Tajikistan,1996,,82
Tajikistan,1995,,88
Thailand,2013,66,81
Thailand,2012,63,81
Thailand,2011,69,82
Thailand,2010,66,83
Thailand,2009,68,84
Thailand,2008,66,80
Thailand,2007,70,81
Thailand,2006,62,75
Thailand,2005,58,71
Thailand,2004,56,71
Thailand,2003,62,73
Thailand,2002,62,74
Thailand,2001,49,75
Thailand,2000,,69
Thailand,1999,68,77
Thailand,1998,55,68
Thailand,1997,55,58
Thailand,1996,57,78
Thailand,1995,,64
The former Yugoslav republic of Macedonia,2013,100,91
The former Yugoslav republic of Macedonia,2012,78,86
The former Yugoslav republic of Macedonia,2011,78,89
The former Yugoslav republic of Macedonia,2010,65,85
The former Yugoslav republic of Macedonia,2009,79,89
The former Yugoslav republic of Macedonia,2008,71,89
The former Yugoslav republic of Macedonia,2007,65,89
The former Yugoslav republic of Macedonia,2006,60,83
The former Yugoslav republic of Macedonia,2005,57,77
The former Yugoslav republic of Macedonia,2004,87,81
The former Yugoslav republic of Macedonia,2003,71,84
The former Yugoslav republic of Macedonia,2002,69,81
The former Yugoslav republic of Macedonia,2001,54,89
The former Yugoslav republic of Macedonia,2000,,86
The former Yugoslav republic of Macedonia,1999,76,83
The former Yugoslav republic of Macedonia,1998,,77
The former Yugoslav republic of Macedonia,1996,,80
The former Yugoslav republic of Macedonia,1995,,70
Timor-Leste,2013,91,84
Timor-Leste,2012,90,89
Timor-Leste,2011,77,91
Timor-Leste,2010,86,28
Timor-Leste,2009,,
Timor-Leste,2008,71,85
Timor-Leste,2007,75,84
Timor-Leste,2006,80,79
Timor-Leste,2005,96,82
Timor-Leste,2004,88,80
Timor-Leste,2003,65,81
Timor-Leste,2002,,81
Togo,2013,82,88
Togo,2012,83,86
Togo,2011,78,85
Togo,2010,82,85
Togo,2009,71,83
Togo,2008,75,82
Togo,2007,62,77
Togo,2006,,67
Togo,2005,75,71
Togo,2004,61,66
Togo,2003,50,63
Togo,2002,65,68
Togo,2001,52,59
Togo,1999,,76
Togo,1998,,69
Togo,1997,,66
Togo,1996,65,65
Togo,1995,33,60
Tonga,2013,,90
Tonga,2012,,100
Tonga,2011,,100
Tonga,2010,,90
Tonga,2009,,88
Tonga,2008,,92
Tonga,2007,,96
Tonga,2006,,100
Tonga,2005,,74
Tonga,2002,100,83
Tonga,2001,100,92
Tonga,2000,100,93
Tonga,1999,100,80
Tonga,1998,,94
Tonga,1997,,75
Tonga,1996,,82
Tonga,1995,100,75
Trinidad and Tobago,2013,33,62
Trinidad and Tobago,2012,37,63
Trinidad and Tobago,2011,35,69
Trinidad and Tobago,2010,64,71
Trinidad and Tobago,2009,68,66
Trinidad and Tobago,2008,36,63
Trinidad and Tobago,2007,29,61
Trinidad and Tobago,2006,44,54
Trinidad and Tobago,2005,57,68
Trinidad and Tobago,2004,50,59
Trinidad and Tobago,2003,,73
Trinidad and Tobago,2001,,72
Trinidad and Tobago,2000,68,68
Trinidad and Tobago,1999,36,63
Trinidad and Tobago,1998,75,65
Trinidad and Tobago,1997,,75
Trinidad and Tobago,1996,,75
Trinidad and Tobago,1995,,69
Tunisia,2013,86,91
Tunisia,2012,88,89
Tunisia,2011,79,78
Tunisia,2010,,85
Tunisia,2009,,83
Tunisia,2008,,86
Tunisia,2007,,89
Tunisia,2006,,91
Tunisia,2005,,90
Tunisia,2004,80,90
Tunisia,2003,74,91
Tunisia,2002,75,92
Tunisia,2001,,90
Tunisia,2000,74,91
Tunisia,1999,74,91
Tunisia,1998,,91
Tunisia,1997,,89
Turkey,2013,38,86
Turkey,2012,66,88
Turkey,2011,68,90
Turkey,2010,69,89
Turkey,2009,73,90
Turkey,2008,75,91
Turkey,2007,76,91
Turkey,2006,76,91
Turkey,2005,70,88
Turkey,2004,,81
Turkey,2003,65,72
Turkey,2002,,65
Turkey,2001,,72
Turkey,2000,,73
Turkey,1998,,66
Turkey,1996,,71
Turkmenistan,2013,26,72
Turkmenistan,2012,63,84
Turkmenistan,2011,53,87
Turkmenistan,2010,53,87
Turkmenistan,2009,,84
Turkmenistan,2008,81,89
Turkmenistan,2007,41,87
Turkmenistan,2006,73,90
Turkmenistan,2005,68,89
Turkmenistan,2004,,91
Turkmenistan,2003,62,71
Turkmenistan,2002,63,74
Turkmenistan,2001,70,64
Turkmenistan,2000,75,81
Turkmenistan,1999,,60
Turkmenistan,1997,,59
Turkmenistan,1996,,64
Turkmenistan,1995,,73
Tuvalu,2013,,78
Tuvalu,2012,,70
Tuvalu,2011,,83
Tuvalu,2010,,93
Tuvalu,2009,,83
Tuvalu,2008,,88
Tuvalu,2007,,74
Tuvalu,2006,,78
Tuvalu,2005,,86
Tuvalu,2004,,100
Tuvalu,2002,,25
Tuvalu,2000,,86
Tuvalu,1999,,100
Tuvalu,1997,,0
Uganda,2013,67,75
Uganda,2012,66,77
Uganda,2011,71,73
Uganda,2010,65,68
Uganda,2009,70,64
Uganda,2008,79,67
Uganda,2007,81,72
Uganda,2006,76,68
Uganda,2005,,73
Uganda,2004,68,70
Uganda,2003,60,68
Uganda,2002,55,60
Uganda,2001,63,56
Uganda,2000,64,63
Uganda,1999,48,61
Uganda,1998,60,62
Uganda,1997,58,40
Uganda,1996,32,33
Uganda,1995,,44
Ukraine,2013,55,71
Ukraine,2012,51,71
Ukraine,2011,34,67
Ukraine,2010,46,69
Ukraine,2009,47,60
Ukraine,2008,41,71
Ukraine,2007,55,71
Ukraine,2006,43,70
Ukraine,1996,,43
Ukraine,1995,,83
United Arab Emirates,2013,67,75
United Arab Emirates,2012,67,76
United Arab Emirates,2011,33,69
United Arab Emirates,2010,67,72
United Arab Emirates,2009,,69
United Arab Emirates,2008,100,70
United Arab Emirates,2007,40,75
United Arab Emirates,2006,75,92
United Arab Emirates,2005,80,77
United Arab Emirates,2004,,71
United Arab Emirates,2003,0,64
United Arab Emirates,2002,,79
United Arab Emirates,2001,,62
United Arab Emirates,2000,,74
United Arab Emirates,1998,,93
United Kingdom of Great Britain and Northern Ireland,2013,75,82
United Kingdom of Great Britain and Northern Ireland,2012,72,80
United Kingdom of Great Britain and Northern Ireland,2011,74,79
United Kingdom of Great Britain and Northern Ireland,2010,70,81
United Kingdom of Great Britain and Northern Ireland,2009,74,81
United Kingdom of Great Britain and Northern Ireland,2008,67,77
United Kingdom of Great Britain and Northern Ireland,2007,65,76
United Kingdom of Great Britain and Northern Ireland,2006,65,74
United Kingdom of Great Britain and Northern Ireland,2005,60,71
United Kingdom of Great Britain and Northern Ireland,2004,60,71
United Kingdom of Great Britain and Northern Ireland,2003,64,71
United Kingdom of Great Britain and Northern Ireland,2002,59,70
United Kingdom of Great Britain and Northern Ireland,2001,60,67
United Republic of Tanzania,2013,79,91
United Republic of Tanzania,2012,80,90
United Republic of Tanzania,2011,82,88
United Republic of Tanzania,2010,84,89
United Republic of Tanzania,2009,83,88
United Republic of Tanzania,2008,82,88
United Republic of Tanzania,2007,82,88
United Republic of Tanzania,2006,78,85
United Republic of Tanzania,2005,77,83
United Republic of Tanzania,2004,76,82
United Republic of Tanzania,2003,75,81
United Republic of Tanzania,2002,77,80
United Republic of Tanzania,2001,76,81
United Republic of Tanzania,2000,73,78
United Republic of Tanzania,1999,74,78
United Republic of Tanzania,1998,73,76
United Republic of Tanzania,1997,75,77
United Republic of Tanzania,1996,75,76
United Republic of Tanzania,1995,76,73
United States of America,2013,78,83
United States of America,2012,80,84
United States of America,2011,,80
United States of America,2010,,66
United States of America,2009,,62
United States of America,2008,,86
United States of America,2007,,85
United States of America,2006,,84
United States of America,2005,,83
United States of America,2004,,84
United States of America,2003,,83
United States of America,2002,,83
United States of America,2001,,83
United States of America,2000,,83
United States of America,1999,,82
United States of America,1998,,81
United States of America,1997,,79
United States of America,1996,,79
United States of America,1995,,76
Uruguay,2013,67,79
Uruguay,2012,71,78
Uruguay,2011,79,84
Uruguay,2010,76,84
Uruguay,2009,56,77
Uruguay,2008,72,82
Uruguay,2007,73,83
Uruguay,2006,76,82
Uruguay,2005,73,79
Uruguay,2004,,
Uruguay,2003,73,
Uruguay,2002,83,82
Uruguay,2001,,85
Uruguay,2000,,85
Uruguay,1999,,83
Uruguay,1998,70,84
Uruguay,1997,85,77
Uruguay,1996,87,80
Uruguay,1995,76,68
Uzbekistan,2013,78,83
Uzbekistan,2012,72,84
Uzbekistan,2011,72,85
Uzbekistan,2010,73,86
Uzbekistan,2009,69,86
Uzbekistan,2008,72,86
Uzbekistan,2007,75,81
Uzbekistan,2006,77,86
Uzbekistan,2005,69,85
Uzbekistan,2004,81,89
Uzbekistan,2003,68,85
Uzbekistan,2002,61,80
Uzbekistan,2001,,76
Uzbekistan,2000,74,80
Uzbekistan,1999,66,79
Uzbekistan,1998,,78
Uzbekistan,1995,,78
Vanuatu,2013,,85
Vanuatu,2012,100,91
Vanuatu,2011,100,82
Vanuatu,2010,100,81
Vanuatu,2009,100,93
Vanuatu,2008,0,94
Vanuatu,2007,,86
Vanuatu,2006,,84
Vanuatu,2005,,82
Vanuatu,2004,100,95
Vanuatu,2003,100,75
Vanuatu,2002,100,79
Vanuatu,2001,,88
Vanuatu,2000,100,88
Vanuatu,1999,100,88
Vanuatu,1996,,99
Vanuatu,1995,,85
Venezuela (Bolivarian Republic of),2013,59,81
Venezuela (Bolivarian Republic of),2012,72,82
Venezuela (Bolivarian Republic of),2011,80,80
Venezuela (Bolivarian Republic of),2010,83,82
Venezuela (Bolivarian Republic of),2009,80,84
Venezuela (Bolivarian Republic of),2008,84,83
Venezuela (Bolivarian Republic of),2007,79,82
Venezuela (Bolivarian Republic of),2006,77,82
Venezuela (Bolivarian Republic of),2005,80,83
Venezuela (Bolivarian Republic of),2004,80,81
Venezuela (Bolivarian Republic of),2003,70,82
Venezuela (Bolivarian Republic of),2002,78,82
Venezuela (Bolivarian Republic of),2001,,78
Venezuela (Bolivarian Republic of),2000,,76
Venezuela (Bolivarian Republic of),1999,,82
Venezuela (Bolivarian Republic of),1998,,81
Venezuela (Bolivarian Republic of),1997,,72
Venezuela (Bolivarian Republic of),1996,,80
Venezuela (Bolivarian Republic of),1995,,74
Viet Nam,2013,,89
Viet Nam,2012,,91
Viet Nam,2011,82,93
Viet Nam,2010,69,92
Viet Nam,2009,73,92
Viet Nam,2008,83,92
Viet Nam,2007,82,91
Viet Nam,2006,83,92
Viet Nam,2005,83,92
Viet Nam,2004,84,92
Viet Nam,2003,85,92
Viet Nam,2002,85,92
Viet Nam,2001,85,93
Viet Nam,2000,79,92
Viet Nam,1999,87,92
Viet Nam,1998,84,92
Viet Nam,1997,80,85
Viet Nam,1996,84,89
Viet Nam,1995,81,89
Yemen,2013,62,90
Yemen,2012,43,88
Yemen,2011,67,89
Yemen,2010,,87
Yemen,2009,77,88
Yemen,2008,76,85
Yemen,2007,71,84
Yemen,2006,73,83
Yemen,2005,58,80
Yemen,2004,69,82
Yemen,2003,62,82
Yemen,2002,70,80
Yemen,2001,66,76
Yemen,2000,72,72
Yemen,1999,70,74
Yemen,1998,72,67
Yemen,1997,37,70
Yemen,1996,54,52
Yemen,1995,43,52
Zambia,2013,80,85
Zambia,2012,79,85
Zambia,2011,,88
Zambia,2010,,89
Zambia,2009,86,90
Zambia,2008,80,85
Zambia,2007,81,83
Zambia,2006,81,84
Zambia,2005,83,86
Zambia,2004,78,83
Zambia,2003,78,75
Zambia,2002,76,80
Zambia,2001,90,74
Zambia,2000,67,67
Zambia,1999,72,69
Zambia,1995,,70
Zimbabwe,2013,,80
Zimbabwe,2012,,81
Zimbabwe,2011,78,80
Zimbabwe,2010,74,76
Zimbabwe,2009,80,75
Zimbabwe,2008,73,70
Zimbabwe,2007,50,78
Zimbabwe,2006,57,67
Zimbabwe,2005,60,66
Zimbabwe,2004,53,48
Zimbabwe,2003,62,66
Zimbabwe,2002,63,67
Zimbabwe,2001,61,71
Zimbabwe,2000,65,69
Zimbabwe,1999,66,73
Zimbabwe,1998,,70
Zimbabwe,1997,,69
Zimbabwe,1996,,32
Zimbabwe,1995,,53
